N0,N1,N2,A1,A2,A3,R1,R2,A6,A7,A8,R3,R4,A11,A12,A13,R5,R6,A16,A17,A18,R7,R8,A21,A22,A23,R9,R10,A26,A27,A28,R11,R12,A31,A32,A33,R13,R14,A36,A37,A38,R15,R16,A41,A42,A43,R17,R18,A46,A47,A48,R19,R20,A51,A52,A53,R21,R22,A56,A57,A58,R23,R24,A61,A62,A63,R25,R26,A66,A67,A68,R27,R28,A71,A72,A73,R29,R30,A76,A77,A78,R31,R32,A81,A82,A83,R33,R34,A86,A87,A88,A89,A90,A91,R35,R36,A94,A95,A96,R37,R38,A99,A100,A101,R39,R40,A104,A105,A106,R41,R42,A109,A110,A111,R43,R44,A114,A115,A116,R45,R46,A119,A120,A121,R47,R48,A124,A125,A126,R49,R50,A129,A130,A131,R51,R52,A134,A135,A136,R53,R54,A139,A140,A141,R55,R56,A144,A145,A146,R57,R58,A149,A150,A151,R59,R60,A154,A155,A156,R61,R62,A159,A160,A161,R63,R64,A164,A165,A166,R65,R66,A169,A170,A171,R67,R68,A174,A175,A176,R69,R70,A179,A180,A181,A181,A182,A183,R71,R72,A186,A187,A188,R73,R74,A191,A192,A193,R75,R76
Article ID,,,Han_2008_Social Neurosci-UK.txt,Han_2009_Social Neurosci-UK.txt,Han_2010_Social Neurosci-UK.txt,Han_2011_Social Neurosci-UK.txt,Han_2012_Social Neurosci-UK.txt,Ma_2011_Brain_exp1.txt,Ma_2011_Brain_exp1.txt,Ma_2011_Brain_exp1.txt,Ma_2011_Brain_exp1.txt,Ma_2011_Brain_exp1.txt,Ma_2011_Brain_exp2.txt,Ma_2011_Brain_exp2.txt,Ma_2011_Brain_exp2.txt,Ma_2011_Brain_exp2.txt,Ma_2011_Brain_exp2.txt,Fields_2019_SocCognAffectNeurosci.txt,Fields_2020_SocCognAffectNeurosci.txt,Fields_2021_SocCognAffectNeurosci.txt,Fields_2022_SocCognAffectNeurosci.txt,Fields_2023_SocCognAffectNeurosci.txt,McAdams_2014_SCAN.txt,McAdams_2015_SCAN.txt,McAdams_2016_SCAN.txt,McAdams_2017_SCAN.txt,McAdams_2018_SCAN.txt,McAdams_2016_SCAN.txt,McAdams_2017_SCAN.txt,McAdams_2018_SCAN.txt,McAdams_2019_SCAN.txt,McAdams_2020_SCAN.txt,Modinos_2009_PLoSOne.txt,Modinos_2010_PLoSOne.txt,Modinos_2011_PLoSOne.txt,Modinos_2012_PLoSOne.txt,Modinos_2013_PLoSOne.txt,Powell_2010_JCognNeurosci_exp1.txt,Powell_2010_JCognNeurosci_exp1.txt,Powell_2010_JCognNeurosci_exp1.txt,Powell_2010_JCognNeurosci_exp1.txt,Powell_2010_JCognNeurosci_exp1.txt,Powell_2010_JCognNeurosci_exp2.txt,Powell_2010_JCognNeurosci_exp2.txt,Powell_2010_JCognNeurosci_exp2.txt,Powell_2010_JCognNeurosci_exp2.txt,Powell_2010_JCognNeurosci_exp2.txt,Yin_2021_JNeuroscience.txt,Yin_2022_JNeuroscience.txt,Yin_2023_JNeuroscience.txt,Yin_2024_JNeuroscience.txt,Yin_2025_JNeuroscience.txt,Van_2017_BrainandCogn.txt,Van_2017_BrainandCogn.txt,Van_2017_BrainandCogn.txt,Van_2017_BrainandCogn.txt,Van_2017_BrainandCogn.txt,Van_2012_SchizophrRes.txt,Van_2013_SchizophrRes.txt,Van_2014_SchizophrRes.txt,Van_2015_SchizophrRes.txt,Van_2016_SchizophrRes.txt,Herold_2017_JAffectiveDisorders.txt,Herold_2018_JAffectiveDisorders.txt,Herold_2019_JAffectiveDisorders.txt,Herold_2020_JAffectiveDisorders.txt,Herold_2021_JAffectiveDisorders.txt,Zhang_2006_SciChinaCLifeSci_exp1.txt,Zhang_2006_SciChinaCLifeSci_exp1.txt,Zhang_2006_SciChinaCLifeSci_exp1.txt,Zhang_2006_SciChinaCLifeSci_exp1.txt,Zhang_2006_SciChinaCLifeSci_exp1.txt,Zhang_2006_SciChinaCLifeSci_exp2.txt,Zhang_2006_SciChinaCLifeSci_exp2.txt,Zhang_2006_SciChinaCLifeSci_exp2.txt,Zhang_2006_SciChinaCLifeSci_exp2.txt,Zhang_2006_SciChinaCLifeSci_exp2.txt,Benoit_2010_Neurolmage,Benoit_2010_Neurolmage,Benoit_2010_Neurolmage,Benoit_2011_Neurolmage,Benoit_2012_Neurolmage,Martial_2018_BrainCogn,Martial_2018_BrainCogn,Martial_2019_BrainCogn,Martial_2020_BrainCogn,Martial_2021_BrainCogn,Ochsner_2005_Neuroimage,Ochsner_2006_Neuroimage,Ochsner_2007_Neuroimage,Ochsner_2008_Neuroimage,Ochsner_2009_Neuroimage,Ochsner_2010_Neuroimage,Ochsner_2011_Neuroimage,Ochsner_2012_Neuroimage,Pfeifer_2007_JCognNeurosci,Pfeifer_2007_JCognNeurosci,Pfeifer_2008_JCognNeurosci,Pfeifer_2009_JCognNeurosci,Pfeifer_2010_JCognNeurosci,Schmitz_2004_Neuroimage,Schmitz_2004_Neuroimage,Schmitz_2005_Neuroimage,Schmitz_2006_Neuroimage,Schmitz_2007_Neuroimage,Wang_2012_Soc CognAffectNeurosci,Wang_2012_Soc CognAffectNeurosci,Wang_2013_Soc CognAffectNeurosci,Wang_2014_Soc CognAffectNeurosci,Wang_2015_Soc CognAffectNeurosci,Wu_2010_SCAN,Wu_2011_SCAN,Wu_2012_SCAN,Wu_2013_SCAN,Wu_2014_SCAN,Yang_2012_Neuropsychologia,Yang_2012_Neuropsychologia,Yang_2013_Neuropsychologia,Yang_2014_Neuropsychologia,Yang_2015_Neuropsychologia,Yang_2016_SciRep,Yang_2017_SciRep,Yang_2018_SciRep,Yang_2019_SciRep,Yang_2020_SciRep,Y. Zhu_2007_Neuroimage,Y. Zhu_2007_Neuroimage,Y. Zhu_2008_Neuroimage,Y. Zhu_2009_Neuroimage,Y. Zhu_2010_Neuroimage,Fuentes_2020_NeurolmageClin,Fuentes_2020_NeurolmageClin,Fuentes_2021_NeurolmageClin,Fuentes_2022_NeurolmageClin,Fuentes_2023_NeurolmageClin,Yaoi_2015_FrontHumNeurosci,Yaoi_2015_FrontHumNeurosci,Yaoi_2016_FrontHumNeurosci,Yaoi_2017_FrontHumNeurosci,Yaoi_2018_FrontHumNeurosci,Zhang_2015_Neurolmage,Zhang_2016_Neurolmage,Zhang_2017_Neurolmage,Zhang_2018_Neurolmage,Zhang_2019_Neurolmage,Lou_2004_PNAS,Lou_2005_PNAS,Lou_2006_PNAS,Lou_2007_PNAS,Lou_2008_PNAS,Pauly_2014_SCAN,Pauly_2014_SCAN,Pauly_2014_SCAN,Pauly_2015_SCAN,Pauly_2016_SCAN,Yang_2016_SciRep,Yang_2016_SciRep,Yang_2017_SciRep,Yang_2018_SciRep,Yang_2019_SciRep,Herold_2015_BrainStructFunct,Herold_2015_BrainStructFunct,Herold_2016_BrainStructFunct,Herold_2017_BrainStructFunct,Herold_2018_BrainStructFunct,Hornung_2019_FrontBehavNeurosci,Hornung_2019_FrontBehavNeurosci,Hornung_2020_FrontBehavNeurosci,Hornung_2021_FrontBehavNeurosci,Hornung_2022_FrontBehavNeurosci,Kedia_2017_SocNeurosci,Kedia_2017_SocNeurosci,Kedia_2017_SocNeurosci,Kedia_2018_SocNeurosci,Kedia_2019_SocNeurosci,Knyazev_2020_FrontHumNeurosci,Knyazev_2020_FrontHumNeurosci,Knyazev_2021_FrontHumNeurosci,Knyazev_2022_FrontHumNeurosci,Knyazev_2023_FrontHumNeurosci,Koski_2020_Neurolmage,Koski_2020_Neurolmage,Koski_2020_Neurolmage,Koski_2020_Neurolmage,Koski_2020_Neurolmage,Koski_2020_Neurolmage,Koski_2021_Neurolmage,Koski_2022_Neurolmage,Laurita_2020_SocCognAffectNeurosci,Laurita_2020_SocCognAffectNeurosci,Laurita_2020_SocCognAffectNeurosci,Laurita_2020_SocCognAffectNeurosci,Laurita_2020_SocCognAffectNeurosci,Wang_2016_FrontPsychol,Wang_2016_FrontPsychol,Wang_2016_FrontPsychol,Wang_2016_FrontPsychol,Wang_2016_FrontPsychol
,,,Coder_1,Coder_2,Final,Rating_coder1,Rating_coder2,Coder_1,Coder_2,Final,Rating_coder1,Rating_coder2,Coder_1,Coder_2,Final,Rating_coder1,Rating_coder2,Coder_1,Coder_2,Final,Rating_coder1,Rating_coder2,Coder_1,Coder_2,Final,Rating_coder1,Rating_coder2,Coder_1,Coder_2,Final,Rating_coder1,Rating_coder2,Coder_1,Coder_2,Final,Rating_coder1,Rating_coder2,Coder_1,Coder_2,Final,Rating_coder1,Rating_coder2,Coder_1,Coder_2,Final,Rating_coder1,Rating_coder2,Coder_1,Coder_2,Final,Rating_coder1,Rating_coder2,Coder_1,Coder_2,Final,Rating_coder1,Rating_coder2,Coder_1,Coder_2,Final,Rating_coder1,Rating_coder2,Coder_1,Coder_2,Final,Rating_coder1,Rating_coder2,Coder_1,Coder_2,Final,Rating_coder1,Rating_coder2,Coder_1,Coder_2,Final,Rating_coder1,Rating_coder2,Coder_1,Coder_2,Final,Rating_coder1,Rating_coder2,Coder_1,Coder_2,Final,Rating_coder1,Rating_coder2,Coder_1,Coder_1,Coder_2,Coder_2,Final,Final,,,Coder_1,Coder_2,Final,Rating_coder1,Rating_coder2,Coder_1,Coder_2,Final,Rating_coder1,Rating_coder2,Coder_1,Coder_2,Final,Rating_coder1,Rating_coder2,Coder_1,Coder_2,Final,Rating_coder1,Rating_coder2,Coder_1,Coder_2,Final,Rating_coder1,Rating_coder2,Coder_1,Coder_2,Final,Rating_coder1,Rating_coder2,Coder_1,Coder_2,Final,Rating_coder1,Rating_coder2,Coder_1,Coder_2,Final,Rating_coder1,Rating_coder2,Coder_1,Coder_2,Final,Rating_coder1,Rating_coder2,Coder_1,Coder_2,Final,Rating_coder1,Rating_coder2,Coder_1,Coder_2,Final,Rating_coder1,Rating_coder2,Coder_1,Coder_2,Final,Rating_coder1,Rating_coder2,Coder_1,Coder_2,Final,Rating_coder1,Rating_coder2,Coder_1,Coder_2,Final,Rating_coder1,Rating_coder2,Coder_1,Coder_2,Final,Rating_coder1,Rating_coder2,Coder_1,Coder_2,Final,Rating_coder1,Rating_coder2,Coder_1,Coder_2,Final,Rating_coder1,Rating_coder2,Coder_1,Coder_1,Coder_2,Coder_1,Final,Final,,,Coder_1,Coder_2,Final,Rating_coder1,Rating_coder2,Coder_1,Coder_2,Final,Rating_coder1,Rating_coder2
First Author,,,Han,Han,Han,,,Ma,Ma,Ma,,,Ma,Ma,Ma,,,Fields,Fields,Fields,,,McAdams,McAdams,McAdams,,,McAdams,McAdams,McAdams,,,Modinos,Modinos,Modinos,,,Powell,Powell,Powell,,,Powell,Powell,Powell,,,Yin,Yin ,Yin,,,van der Cruijsen,van der Cruijsen,van der Cruijsen,,,Van Buuren,Van Buuren,Van Buuren,,,Herold,Herold ,Herold,,,Zhang,Zhang,Zhang,,,Zhang,Zhang,Zhang,,,Benoit,Benoit,Benoit,,,Martial,Martial,Martial,,,Ochsner,,Ochsner,,Ochsner,,,,Pfeifer,Pfeifer,Pfeifer,,,Schmitz,Schmitz,Schmitz,,,Wang,Wang,Wang,,,Wu,Wu,Wu,,,Yang,Yang,Yang,,,W. Yang,W. Yang,W. Yang,,,Y. Zhu,Y. Zhu,Y. Zhu,,,Fuentes-Claramonte,Fuentes-Claramonte,Fuentes-Claramonte,,,Yaoi,Yaoi,Yaoi,,,Zhang,Zhang,Zhang,,,Lou,Lou,Lou,,,Pauly,Pauly,Pauly,,,Yang,Yang,Yang,,,Herold,Herold,Herold,,,Hornung,Hornung,Hornung,,,Kedia,Kedia,Kedia,,,Knyazev,Knyazev,Knyazev,,,Koski,Koski,Koski,Koski,Koski,Koski,,,Laurita,Laurita,Laurita,,,Wang,Wang,Wang,,
Last Author,,,Ma,Ma,Ma,,,Han,,Han,Rating_coder1,Rating_coder2,Han,Han,Han,Rating_coder1,Rating_coder2,Kuperberg,Kuperberg,Kuperberg,Rating_coder1,Rating_coder2,Krawczyk,Krawczyk,Krawczyk,Rating_coder1,Rating_coder2,Krawczyk,Krawczyk,Krawczyk,Rating_coder1,Rating_coder2,芍leman,Aleman,芍leman,Rating_coder1,Rating_coder2,Mitchell,Mitchell,Mitchell,,,Mitchell,Mitchell,Mitchell,,,Egner,Egner,Egner,,,"Crone,",Crone,Crone,,,Kahn,Kahn,Kahn,,,Felix Bermpohl,,Felix Bermpohl,,,Y.Zhu,Zhu,Y.Zhu,,,Y.Zhu,Y.Zhu,Y.Zhu,,,Burgess,Burgess,Burgess,,,D'Argembeau,D'Argembeau,D'Argembeau,,,D＊Esposito,,D＊Esposito,,D＊Esposito,,,,Dapretto,Dapretto,Dapretto,,,Johnson,Johnson,Johnson,,,Han,Han,Han,,,Zhang,Zhang,Zhang,,,Zhang,Zhang,Zhang,,,Q.Zhang,Q.Zhang,Q.Zhang,,,Han,Han,Han,,,Salvador,Salvador,Salvador,,,Osaka,Osaka,Osaka,,,Meer,Meer,Meer,,,Lisanby,Lisanby,Lisanby,,,Habel,Habel,Habel,,,Han,Han,Han,,,Bermpohl,Bermpohl,Bermpohl,,,Derntl,Derntl,Derntl,,,Linden,Linden,Linden,,,Rudych,Rudych,Rudych,,,Beer,Beer,Beer,Beer,Beer,Beer,,,Spreng,Spreng,Spreng,,,Sui,Sui,Sui,,
Year,,,2008,2008,2008,,,2011,2011,2011,,,2011,2012,2011,,,2019,2019,2019,,,2014,2014,2014,,,2016,2016,2016,,,2009,2009,2009,,,2010,2010,2010,,,2010,2010,2010,,,2021,2021,2021,,,2017,2017,2017,,,2012,2012,2012,,,2017,2017,2017,,,2006,2006,2006,,,2006,2007,2006,,,2010,2010,2010,,,2018,2018,2018,,,2005,,2005,,2005,,,,2007,2007,2007,,,2004,2004,2004,,,2012,2012,2012,,,2010,2010,2010,,,2012,2012,2012,,,2013,2013,2013,,,2007,2007,2007,,,2020,2020,2020,,,2015,2015,2015,,,2015,2015,2015,,,2004,2004,2004,,,2014,2014,2014,,,2016,2016,2016,,,2015,2015,2015,,,2019,2019,2019,,,2019,2019,2019,,,2020,2020,2020,,,2020,2020,2020,2020,2020,2020,,,2020,2020,2020,,,2016,2016,2016,,
Journal,,,Social Neuroscience,Social Neuroscience,Social Neuroscience,,,Brain,Brain,Brain,,,Brain,,Brain,,,Social Cognitive and Affective Neuroscience,SCAN,Social Cognitive and Affective Neuroscience,,,SCAN,SCAN,SCAN,,,Social Cognitive and Affective Neuroscience,SCAN,Social Cognitive and Affective Neuroscience,,,PLoS One,PLoS One,PLoS One,,,J Cogn Neurosci,Journal of Cognitive Neuroscience,J Cogn Neurosci,,,J Cogn Neurosci,Journal of Cognitive Neuroscience,J Cogn Neurosci,,,The Journal of Neuroscience,The Journal of Neuroscience,The Journal of Neuroscience,,,Brain and Cognition,Brain and Cognition,Brain and Cognition,,,Schizophrenia Research,Schizophrenia Research,Schizophrenia Research,,,Journal of Affective Disorders,Journal of Affective Disorders,Journal of Affective Disorders,,,Sci China C Life Sci,Science in China: Series C Life Sciences,Sci China C Life Sci,,,Sci China C Life Sci,Sci China C Life Sci,Sci China C Life Sci,,,NeuroImage,NeuroImage,NeuroImage,,,Brain and Cognition,Brain and Cognition,Brain and Cognition,,,Neuroimage,,Neuroimage,,Neuroimage,,,,Jourl of Cognitive Neuroscience,Jourl of Cognitive Neuroscience,Journal of Cognitive Neuroscience,,,Neuroimage,Neuroimage,Neuroimage,,,Social Cognitive and Affective Neuroscience,Social Cognitive and Affective Neuroscience,Social Cognitive and Affective Neuroscience,,,Soc Cogn Affect Neurosci,Soc Cogn Affect Neurosci,Soc Cogn Affect Neurosci,,,Neuropsychologia,Neuropsychologia,Neuropsychologia,,,PLoS One,PLoS One,PLoS One,,,NeuroImage,NeuroImage,NeuroImage,,,NeuroImage: Clinical,NeuroImage: Clinical,NeuroImage: Clinical,,,Front Hum Neurosci,Front Hum Neurosci,Front Hum Neurosci,,,NeuroImage,NeuroImage,NeuroImage,,,PS,PS,PNAS,,,SCAN,SCAN,SCAN,,,ture,Scientific Reports,Nature,,,Brain Struct Funct,Brain Struct Funct,Brain Struct Funct,,,Frontiers in Behavioral Neuroscience,Frontiers in Behavioral Neuroscience,Frontiers in Behavioral Neuroscience,,,Soc Neurosci,Soc Neurosci,Soc Neurosci,,,Frontiers in Human Neuroscience,Frontiers in Human Neuroscience,Frontiers in Human Neuroscience,,,NeuroImage,NeuroImage,NeuroImage,NeuroImage,NeuroImage,NeuroImage,,,Social Cognitive and Affective Neuroscience,Social Cognitive and Affective Neuroscience,Social Cognitive and Affective Neuroscience,,,Frontiers in Psychology,Frontiers in Psychology,Frontiers in Psychology,,
Study,,,1,1,1,,,44563,,44563,,,44594,,44594,,,1,,1,,,1,,1,,,1,,1,,,1,,1,,,44563,,44563,,,44594,,44594,,,1,,1,,,1,,1,,,1,,1,,,1,,1,,,44563,2-Jan,44563,,,44594,44594,44594,,,1,1,1,,,1,1,1,,,1,2,1,2,1,2,,,1,1,1,,,1,1,1,,,1,1,1,,,1,1,1,,,1,1,1,,,1,1,1,,,1,1,1,,,1,1,1,,,1,1,1,,,1,1,1,,,1,1,1,,,1,1,1,,,1,1,1,,,1,1,1,,,1,1,1,,,1,1,1,,,1,1,1,,,1,2,1,2,1,2,,,1,1,1,,,1,1,1,,
,group,content,"non-religious,Christians","non-religious, religious","non-religious,Christians",1,2,sighted control,"sighted, blind",sighted control,1,1,"sighted control,congenitally
 blind","sighted control,congenitally
 blind","sighted control,congenitally
 blind",1,1,,,,,,"CON/ healthy, RAN/ recovering from anorexia","CON/ healthy, RAN/ recovering from anorexia","CON/ healthy, RAN/ recovering from anorexia",1,1,"HC, AN-WR(women in weight recovery after anorexia nervosa.),
 AN-C(women with anorexia nervosa)","healthy, AN, with sustained weight recovery","HC,AN-C(women with anorexia nervosa), AN-WR(women in weight recovery after anorexia nervosa.)",1,1,,,,,,,,,,,,,,,,,,,,,,,,,,"health, unaffected siblings of schizophrenia patients","siblings, HC","health, unaffected siblings of schizophrenia patients",1,1,"Healthy,Manic","Healthy,Manic","Healthy,Manic",1,1,,,,,,,,,,,,,,,,,,,,,,,,,,,,,"adults,children","childrem, adults","adults,children",,,,,,,,,,,,,"Han,Tibetan",(Han and Tibetan,"Han,Tibetan",,,,,,,,,,,,,"Chinese,Western","Chinese, western","Chinese,Western",,,Healthy;schizophrenia,schizophrenia and healthy,schizophrenia and healthy,,,,,,,,bipolar disorder(BD)/ schizophrenia(SZ)/HC,"bipolar disorder, schizophrenia, healthy",bipolar disorder(BD)/ schizophrenia(SZ)/HC,,,,,,,,"Sz patients,HC","Sz, healthy","Sz patients,HC",,,,,,,,,,,,,"Women,Men","Women,Men","Women,Men",1,1,,,,,,,,,,,,,,,,,,,"young,older","young,older","young,older",,,,,,,
Sample,Demographics_group1,Size,14,14,14,1,1,23,23,23,1,1,19,19,19,1,1,17,17,17,1,1,18,18,18,1,1,19,19,19,1,1,16,16,16,1,1,13,13,13,1,1,18,18,18,1,1,28,28,28,1,1,30,30,30,1,1,18,25,18,1,2,14,14,14,1,1,7,7,7,1,1,7,7,7,1,1,13,13,13,1,1,20,20,20,1,1,17,16,17,16,17,16,1,1,12,12,12,1,1,18,18,18,1,1,32,32,32,1,1,16,16,16,1,1,17,17,17,1,1,25,25,25,1,1,13,13,13,1,1,17,23,23,1,1,18,23,18,2,1,17,17,17,1,1,13,13,13,1,1,13,13,13,1,1,25,29,25,1,1,28,28,28,1,1,17,17,17,1,1,18,18,18,1,1,47,47,47,1,1,44,48,44,48,44,48,1,1,29,29,29,1,1,27,27,27,1,1
,,Female,6,6,6,1,1,12,12,12,1,1,10,10,10,1,1,17,17,17,1,1,18,18,18,1,1,19,19,19,1,1,6,6,6,1,1,9,9,9,1,1,8,8,8,1,1,11,11,11,1,1,15,15,15,1,1,11,16,11,1,2,4,4,4,1,1,3,3,3,1,1,4,4,4,1,1,5,5,5,1,1,12,12,12,1,1,9,9,9,9,9,9,1,1,6,6,6,1,1,9,9,9,1,1,16,16,16,1,1,8,8,8,1,1,8,8,8,1,1,14,14,14,1,1,5,5,5,1,1,10,7,7,1,1,missing,9,missing,2,1,10,10,10,1,1,7,7,7,1,1,6,6,6,1,1,12,14,12,1,2,14,14,14,1,1,17,17,17,1,1,18,18,18,1,1,26,26,26,1,1,44,48,44,48,44,48,1,1,16,16,16,1,1,16,16,16,1,1
,,Race/ethnicity,native-Chinese-speaking,,native-Chinese-speaking,1,2,Chinese,Chinese,Chinese,1,1,Chinese,Chinese,Chinese,1,1,"non-Hispanic White (12), Hispanic (1), Asian (1), mixed Asian/White (2) and unreported (1)","non-Hispanic White (12), Hispanic (1), Asian (1), mixed Asian/White (2) and unreported (1).","non-Hispanic White (12), Hispanic (1), Asian (1), mixed Asian/White (2) and unreported (1)",1,1,,,,,,,,,,,Dutch,,Dutch,1,2,native English speakers,native English speakers,native English speakers,1,1,native English speakers,native English speakers,native English speakers,1,1,,,,,,,,,,,,,,,,,,,,,Chinese,Chinese,Chinese,1,1,Chinese,Chinese,Chinese,1,1,British,British,British,1,1,French-speaker,French-speaking young adults,French-speaker,1,1,,,,,NA,,1,1,American,American,American,1,1,,,,,,Chinese,Chinese college students,Chinese,1,1,Chinese,,Chinese,,,Chinese,Chinese,Chinese,1,1,Chinese tive speakers,,Chinese native speakers,1,1,,,,,,Spanish,Spanish speakers.,Spanish speakers.,1,1,Japanese,Japanese,Japanese,1,1,,,,,,Danish,Danish tiolity,Danish,1,1,,,,,,,,,1,1,,,,,,,,,,,British Caucasian,British Caucasian,British Caucasian,1,1,,,,1,1,"9.3% African American, 30.3% Asian American, 18.6%
 Hispanic, 39.5% Caucasian and 2.3% Other Ethnicity","6.3% African American, 14.5% Asian American, 18.8%
 Hispanic, 47.9% Caucasian and 12.5% Other Ethnicity","9.3% African American, 30.3% Asian American, 18.6%
 Hispanic, 39.5% Caucasian and 2.3% Other Ethnicity","6.3% African American, 14.5% Asian American, 18.8%
 Hispanic, 47.9% Caucasian and 12.5% Other Ethnicity","9.3% African American, 30.3% Asian American, 18.6%
 Hispanic, 39.5% Caucasian and 2.3% Other Ethnicity","6.3% African American, 14.5% Asian American, 18.8%
 Hispanic, 47.9% Caucasian and 12.5% Other Ethnicity",1,1,,,,,,,,,,
,,Age_mean,22.5,22.5,22.5,1,1,22,22,22,1,1,23.2,23.2,23.2,1,1,20.7,20.7,20.7,1,1,24.5,24.5,24.5,1,1,27.9,27.9,27.9,1,1,20.8,20.8,20.8,1,1,20,20,20,1,1,20,20,20,1,1,20.47,20.47,20.47,1,1,22.6,22.6,22.6,1,1,27.5,27.5,27.5,1,1,38.07,38.07,38.07,1,1,20.4,20.4,20.4,1,1,20.4,20.4,20.4,1,1,24.2,24.2,24.2,1,1,22,22,22,1,1,29,22.95,29,22.95,29,22.95,1,1,26.1,10.2,26.1,1,1,24,24,24,1,1,22.7,22.7,22.7,1,1,20.1,20.1,20.1,1,1,22.4,22.4,22.4,1,1,22.5,22.5,22.5,1,1,21.5,21.5,21.5,1,1,38.74,37,37,1,1,23.3,23.3,23.3,1,1,41.29,41.29,41.29,1,1,27,27,27,1,1,36.23,36.23,36.23,1,1,20.1,20.1,20.1,1,1,38.57,38.57,38.57,1,1,33.71,33.71,33.71,1,1,20.06,20.06,20.06,1,1,23.5,23.5,23.5,1,1,19.4,20.16,19.4,20.16,19.4,20.16,1,1,24,24,24,1,1,22.3,22.3,22.3,1,1
,,Age_SD,6,6,6,1,1,,,NA,1,1,,,,,,1.3,1.3,1.3,1,1,6.4,6.4,6.4,1,1,6,6,6,1,1,2.5,2.5,2.5,1,1,,,,,,,,,,,0.97,0.97,0.97,1,1,1.2,1.2,1.2,1,1,8.1,8.1,8.1,1,1,5.84,5.84,5.84,1,1,,,,,,,,,,,,,NA,,,2,2,2,1,1,,,,,NA,,,,,,NA,,,3,3,3,1,1,1.9,1.9,1.9,1,1,1.4,1.4,1.4,1,1,1.6,1.6,1.6,1,1,,,NA,,,1.13,1.13,1.13,1,1,10.2,8.06,8.06,1,1,4,4,4,1,1,11.82,11.82,11.82,1,1,,,,1,1,9.46,9.46,9.46,1,1,1.3,1.4,1.3,1,1,5.27,5.27,5.27,1,1,13.09,13.09,13.09,1,1,1.43,1.43,1.43,1,1,4.9,4.9,4.9,1,1,1.32,2.27,1.32,2.27,1.32,2.27,1,1,3.5,3.5,3.5,1,1,2.35,2.35,2.35,1,1
,,Age_min,19,19,19,1,1,18,18,18,1,1,19,19,19,1,1,18,18,18,1,1,18,18,18,1,1,20,20,20,1,1,18,18,18,1,1,18,18,18,1,1,18,18,18,1,1,,,,,,20,20,20,1,1,,,,,,,,,,,18,18,18,1,1,18,18,18,1,1,19.4,19.4,19.4,1,1,19,19,19,1,1,,,,,NA,,,,23,9.5,23,1,1,,,NA,,,19,19,19,1,1,18,18,18,1,1,19,19,19,1,1,19,19,19,1,1,,,NA,,,,,,,,,,NA,1,1,,,,,,20,20,20,1,1,,,,,,,,,,,30,30,30,1,1,,,,,,,,,,,,,,,,,,,,,,,,,,,,,19,19,19,1,1
,,Age_max,41,41,41,1,1,28,28,28,1,1,28,28,28,1,1,23,23,23,1,1,39,39,39,1,1,45,45,45,1,1,27,27,27,1,1,24,24,24,1,1,31,31,31,1,1,,,,,,24,24,24,1,1,,,,,,,,,,,22,22,22,1,1,22,22,22,1,1,31,31,31,1,1,26,26,26,1,1,,,,,NA,,,,31.7,10.8,31.7,1,1,,,NA,,,27,27,27,1,1,23,23,23,1,1,24,24,24,1,1,24,24,24,1,1,,,NA,,,,,,,,,,NA,,,,,,,,38,38,38,1,1,,,,,,,,,,,50,50,50,1,1,,,,,,,,,,,,,,,,,,,,,,,,,,,,,30,30,30,1,1
,,Education,,,,,,,,,,,,,,,,,,,,,15.8,15.8,15.8,1,1,,,,,,university students,university students,university students,1,1,,,,,,,,,,,,,,,,,,,,,6.3,6.3,6.3,1,1,,,,,,undergraduate students,undergraduate students,undergraduate students,1,1,undergraduate students,undergraduate students,undergraduate students,1,1,,,,,,,,students at the University,,,,,,,NA,,,,graduate students,,graduate students,,,16,16,16,1,1,college students,,college students,1,2,,,,,,University students,University students,University students,1,1,undergraduate students,undergraduate students,undergraduate students,1,1,,,2每5 years university,,,,,,,,,,,,,6,6,6,1,1,,,,,,12.69,12.69,12.69,1,1,college students,,college students,1,1,,,,,,14.65,14.65,14.65,1,1,,,,,,undergraduate and postgraduate students and other,undergraduate and postgraduate students and other,undergraduate and postgraduate students and other,1,1,,,,,,,,,,,,,,,,,,
,Demographics_group2,Size,14,14,14,1,1,,,,,,19,19,19,1,1,,,,,,18,18,18,1,1,22,22,22,1,1,,,,,,,,,,,,,,,,,,,,,,,,,,18,25,18,1,1,14,14,14,1,1,,,,,,,,,,,,,,,,,,,,,,,,,,,,,12,12,12,1,1,,,,,,,,,,,15,16,15,1,2,,,,,,,,,,,13,13,13,1,1,16,27,27,1,1,,,,,,17,17,17,1,1,,,,,,13,13,13,1,1,,,,,,,,,,,17,17,17,1,1,,,,,,,,,,,,,,,,,,,27,27,27,1,1,,,,,
,,Female,8,8,8,1,1,,,,,,8,8,8,1,1,,,,,,18,18,18,1,1,22,22,22,1,1,,,,,,,,,,,,,,,,,,,,,,,,,,11,16,11,1,1,4,4,4,1,1,,,,,,,,,,,,,,,,,,,,,,,,,,,,,6,6,6,1,1,,,,,,,,,,,7,8,7,1,2,,,,,,,,,,,5,5,5,1,1,7,10,10,1,1,,,,,,6,6,6,1,1,,,,,,6,6,6,1,1,,,,,,,,,,,0,0,0,1,1,,,,,,,,,,,,,,,,,,,12,12,12,1,1,,,,,
,,Race/ethnicity,native-Chinese-speaking,,native-Chinese-speaking,1,2,,,,,,,,,,,,,,,,,,,,,,,,,,,,,,,,,,,,,,,,,,,,,,,,,,,,,,,,,,,,,,,,,,,,,,,,,,,,,,,,,,,,,,,,,,,,,,,,,,,,,,,,Chinese,,Chinese,,,,,,,,,,,,,"6 English,4 American, 2 Australian and 1 Cadian",,"6 English,4 American, 2 Australian and 1 Canadian",1,1,Spanish,Spanish speakers.,Spanish speakers.,1,1,,,,,,,,,,,,,,,,,,,,,,,,,,,,,,,,,,,,,,,,,,,,,,,,,,,,,,67,67,67,1,1,,,,,
,,Age_mean,23.6,23.6,23.6,1,1,,,,,,25.2,25.2,25.2,1,1,,,,,,26.1,26.1,26.1,1,1,27.6,27.6,27.6,1,1,,,,,,,,,,,,,,,,,,,,,,,,,,27.9,27.9,27.9,1,1,33.78,33.78,33.78,1,1,,,,,,,,,,,,,,,,,,,,,,,,,,,,,10.2,26.1,10.2,1,1,,,,,,,,,,,19.6,19.6,19.6,1,1,,,,,,,,,,,23.1,23.1,23.1,1,1,37,38.74,38.74,1,1,,,,,,35.53,35.3,35.53,1,1,,,,,,34.46,34.46,34.46,1,1,,,,,,,,,,,33.47,33.47,33.47,1,1,,,,,,,,,,,,,,,,,,,6,6,6,1,1,,,,,
,,Age_SD,2.87,2.87,2.87,1,1,,,,,,,,,,,,,,,,6.8,6.8,6.8,1,1,7.6,7.6,7.6,1,1,,,,,,,,,,,,,,,,,,,,,,,,,,4.6,4.6,4.6,1,1,10.45,10.45,10.45,1,1,,,,,,,,,,,,,,,,,,,,,,,,,,,,,,,,,,,,,,,,,,,,1.5,1.5,1.5,1,1,,,,,,,,,,,2.33,2.33,2.33,1,1,8.06,10.2,10.2,1,1,,,,,,9.74,9.74,9.74,1,1,,,,,,8.58,8.58,8.58,1,1,,,,,,,,,,,11.29,11.29,11.29,1,1,,,,,,,,,,,,,,,,,,,,,,,,,,,,
,,Age_min,21,21,21,1,1,,,,,,18,18,18,1,1,,,,,,18,18,18,1,1,20,20,20,1,1,,,,,,,,,,,,,,,,,,,,,,,,,,,,,,,,,,,,,,,,,,,,,,,,,,,,,,,,,,,,,,,,9.5,23,9.5,1,1,,,,,,,,,,,17,17,17,1,1,,,,,,,,,,,,,,,,,,,,,,,,,,,,,,,,,,,,,,,,,,,,,,,,,,,,,,,,,,,,,,,,,,,,,,,,,,,,,,,,,,,
,,Age_max,29,29,29,1,1,,,,,,28,28,28,1,1,,,,,,40,40,40,1,1,45,45,45,1,1,,,,,,,,,,,,,,,,,,,,,,,,,,,,,,,,,,,,,,,,,,,,,,,,,,,,,,,,,,,,,,,,10.8,31.7,10.8,1,1,,,,,,,,,,,22,22,22,1,1,,,,,,,,,,,,,,,,,,55,,,,,,,,,,,,,,,,,,,,,,,,,,,,,,,,,,,,,,,,,,,,,,,,,,,,,,,,,,,,,,,,,
,,Education,,,,,,,,,,,,,,,,,,,,,14.9,14.9,14.9,1,1,,,,1,1,,,,,,,,,,,,,,,,,,,,,,,,,,6.1,6.1,6.1,1,1,,,,,,,,,,,,,,,,,,,,,,,,,,,,,,,,,,,,,,,,,,,,,,,,,,,,,,,,,,,,,,,,,,,,,,,,,,,,,,,,,5.65,,,,,,,,13.31,13.31,13.31,1,1,,,,,,,,,,,14.29,14.29,14.29,1,1,,,,,,,,,,,,,,,,,,,,,,,,,,,,
,Demographics_group3,Size,,,,,,,,,,,,,,,,,,,,,,,,,,18,18,18,1,1,,,,,,,,,,,,,,,,,,,,,,,,,,,,,,,,,,,,,,,,,,,,,,,,,,,,,,,,,,,,,,,,,,,,,,,,,,,,,,,,,,,,,,,,,,,,,,,,,,,,,,,,,,,,,21,21,21,1,1,,,,,,,,,,,,,,,,,,,,,,,,,,,,,,,,,,,,,,,,,,,,,,,,,,,,,
,,Female,,,,,,,,,,,,,,,,,,,,,,,,,,18,18,18,1,1,,,,,,,,,,,,,,,,,,,,,,,,,,,,,,,,,,,,,,,,,,,,,,,,,,,,,,,,,,,,,,,,,,,,,,,,,,,,,,,,,,,,,,,,,,,,,,,,,,,,,,,,,,,,,9,9,9,1,1,,,,,,,,,,,,,,,,,,,,,,,,,,,,,,,,,,,,,,,,,,,,,,,,,,,,,
,,Race/ethnicity,,,,,,,,,,,,,,,,,,,,,,,,,,,,,,,,,,,,,,,,,,,,,,,,,,,,,,,,,,,,,,,,,,,,,,,,,,,,,,,,,,,,,,,,,,,,,,,,,,,,,,,,,,,,,,,,,,,,,,,,,,,,,,,,,,,,,,,,,,,,,,1,1,,,,,,,,,,,,,,,,,,,,,,,,,,,,,,,,,,,,,,,,,,,,,,,,,,,,,
,,Age_mean,,,,,,,,,,,,,,,,,,,,,,,,,,29.6,29.6,29.6,1,1,,,,,,,,,,,,,,,,,,,,,,,,,,,,,,,,,,,,,,,,,,,,,,,,,,,,,,,,,,,,,,,,,,,,,,,,,,,,,,,,,,,,,,,,,,,,,,,,,,,,,,,,,,,,,29.95,29.95,29.95,,,,,,,,,,,,,,,,,,,,,,,,,,,,,,,,,,,,,,,,,,,,,,,,,,,,,,,
,,Age_SD,,,,,,,,,,,,,,,,,,,,,,,,,,8.1,8.1,8.1,1,1,,,,,,,,,,,,,,,,,,,,,,,,,,,,,,,,,,,,,,,,,,,,,,,,,,,,,,,,,,,,,,,,,,,,,,,,,,,,,,,,,,,,,,,,,,,,,,,,,,,,,,,,,,,,,10.99,10.99,10.99,1,1,,,,,,,,,,,,,,,,,,,,,,,,,,,,,,,,,,,,,,,,,,,,,,,,,,,,,
,,Age_min,,,,,,,,,,,,,,,,,,,,,,,,,,20,20,20,1,1,,,,,,,,,,,,,,,,,,,,,,,,,,,,,,,,,,,,,,,,,,,,,,,,,,,,,,,,,,,,,,,,,,,,,,,,,,,,,,,,,,,,,,,,,,,,,,,,,,,,,,,,,,,,,,,,1,1,,,,,,,,,,,,,,,,,,,,,,,,,,,,,,,,,,,,,,,,,,,,,,,,,,,,,
,,Age_max,,,,,,,,,,,,,,,,,,,,,,,,,,45,45,45,1,1,,,,,,,,,,,,,,,,,,,,,,,,,,,,,,,,,,,,,,,,,,,,,,,,,,,,,,,,,,,,,,,,,,,,,,,,,,,,,,,,,,,,,,,,,,,,,,,,,,,,,,,,,,,,,,,,,,,,,,,,,,,,,,,,,,,,,,,,,,,,,,,,,,,,,,,,,,,,,,,,,,,,,,
,,Education,,,,,,,,,,,,,,,,,,,,,,,,,,,,,,,,,,,,,,,,,,,,,,,,,,,,,,,,,,,,,,,,,,,,,,,,,,,,,,,,,,,,,,,,,,,,,,,,,,,,,,,,,,,,,,,,,,,,,,,,,,,,,,,,,,,,,,,,,,,,,,,,,,,,,,,,,,,,,,,,,,,,,,,,,,,,,,,,,,,,,,,,,,,,,,,,,,,,
,Recruitment,Channel,Peking University,Peking University,Peking University,1,1,Peking University,Peking University,Peking University,1,1,Peking University,Peking University,Peking University,1,1,an advertisement on a Tufts University community website,Tufts University community website,an advertisement on a Tufts University community website,1,1,,,,,,University of Texas at Southwestern Medical School,University of Texas at Southwestern Medical School,University of Texas at Southwestern Medical School,1,1,university of Groningen,university of Groningen,university of Groningen,1,1,,,,,,,,,,,,,,,,,,,,,the database of the Genetic Risk and Outcome of Psychosis,the database of the Genetic Risk and Outcome of Psychosis,the database of the Genetic Risk and Outcome of Psychosis,1,1,,,,,,Capital Normal University,Capital Normal University,Capital Normal University,1,1,Capital Normal University,Capital Normal University,Capital Normal University,1,1,,,,,,University of Li豕ge,University,University of Li豕ge,,,University of California,Stanford University,University of California,Stanford University,University of California,,1,1,"via summer camps, posted flyers, and mass mailings; UCLA",,"via summer camps, posted flyers, and mass mailings; UCLA",,,University of Wisconsin〞Madison campus,University of Wisconsin〞Madison campus,University of Wisconsin〞Madison campus,1,1,Chinese college students,,Chinese college students,,,Minzu University of Chi,Minzu University of Chi,Minzu University of China,1,1,Southwest University,Southwest University,Southwest University,,,Southwest University,Southwest University,Southwest University,,,Peking University,Peking university,Peking University,,,,,"patients from three psychiatric hospitals (Benito Menni CASM, Sagrat
 Cor de Martorell and Hospital Sant Rafael); healthy individuals recruited from non-medical staff working in the hospital, their relatives and acquaintances, plus independent sources in the community",,,,,,,,"BD patients were recruited from several mental health care institutions in the North of
 the Netherlands;SZ patients were selected from a sam ple of a previous study (Van der Meer et al., 2013)","BD patients were recruited from several mental health care institutions in the North of
 the Netherlands;SZ patients were selected from a sam ple of a previous study (Van der Meer et al., 2013)","BD patients were recruited from several mental health care institutions in the North of
 the Netherlands;SZ patients were selected from a sam ple of a previous study (Van der Meer et al., 2013)",1,1,,,,,,"inpatient ward and outpatient clinic of the Department of Psychiatry,Psychotherapy, and Psychosomatic Medicine, RWTH Aachen University",,"inpatient ward and outpatient clinic of the Department of Psychiatry,Psychotherapy, and Psychosomatic Medicine, RWTH Aachen University",1,1,Southwest University,Southwest University,Southwest University,,,Charite∩Universitatsmedizin,Charite∩Universitatsmedizin,Charite∩Universitatsmedizin,1,1,"via advertisements posted
 at the RWTH Aachen University, Germany","RWTH Aachen University, Germany","via advertisements posted
 at the RWTH Aachen University, Germany",1,1,Cardiff University,Cardiff University,Cardiff University,,,"Novosibirsk, Russia","Novosibirsk, Russia","Novosibirsk, Russia",,,University of Texas,University of Texas,University of Texas,University of Texas,University of Texas,University of Texas,1,1,"Cornell University,","Cornell University,","Cornell University,",1,1,Tsinghua University,Tsinghua University,Tsinghua University,1,1
,,Location,"Beijing, China","Peking, China","Beijing, China",1,1,"Beijing,China","Peking, China","Beijing,China",1,1,"Beijing,China","Beijing,China","Beijing,China",1,1,"Massachusetts, US","Massachusetts, US","Massachusetts, US",1,1,"Texas, us","Texas, US","Texas, us",1,1,"Texas, us","Texas, US","Texas, us",1,1,"Groningen, The Netherlands","Groningen, The Netherlands","Groningen, The Netherlands",1,1,"Massachusetts, US","Massachusetts, US","Massachusetts, US",1,1,"Massachusetts, US","Massachusetts, US","Massachusetts, US",1,1,"Chongqing, China","Chongqing, China","Chongqing, China",1,1,"Leiden, The Dutch","Leiden, Netherlands","Leiden,Netherlands",1,1,"Utrecht, the Netherlands","Utrecht, the Netherlands","Utrecht, the Netherlands",1,1,"Neuruppin, Germany","Neuruppin, Germany","Neuruppin, Germany",1,1,"Beijing, China","Beijing, China","Beijing, China",1,1,"Beijing, China","Beijing, China","Beijing, China",1,1,UK,"London, UK","London, UK",1,1,France,"Li豕ge, Belgium","Li豕ge, Belgium",2,1,"California, US","California, US","California, US","California, US","California, US","California, US",1,1,"California, US","California, US","California, US",1,1,"Wisconsin,USA","Wisconsin,USA","Wisconsin,USA",1,1,"Beijing,Chi","Peking, Chi","Beijing,China",1,1,"Beijing,Chi","Beijing, Chi","Beijing,China",1,1,"Chongqing, Chi","Chongqing, Chi","Chongqing, China",1,1,"Chongqing, Chi","Chongqing, Chi","Chongqing, China",1,1,"Beijing,Chi","Beijing, Chi","Beijing,China",1,1,"Barcelo, Spain","Barcelo, Spain","Barcelona, Spain",1,1,"Kyoto, Japan","Kyoto, Japan,","Kyoto, Japan",1,1,"Zuidlaren,The Netherlands"," Groningen, The Netherlands","Groningen, The Netherlands",1,1,"Copenhagen, Denmark","Copenhagen, Denmark","Copenhagen, Denmark",1,1,"Aachen, Germany","Aachen, Germany","Aachen, Germany",1,1,"Chongqing,Chi","Chongqing, Chi","Chongqing,China",1,1,"Berlin,Germany","Berlin,Germany","Berlin,Germany",1,1,"Aachen, Germany","Aachen, Germany","Aachen, Germany",1,1,"Cardiff, UK","Cardiff, UK","Cardiff, UK",1,1,Novosibirsk State University,Novosibirsk State University,Novosibirsk State University,1,1,"Austin, USA","Austin, USA","Austin, USA","Austin, USA","Austin, USA","Austin, USA",1,1,"New York, USA","New York, USA","New York, USA",1,1,"Beijing, Chi","Beijing, Chi","Beijing, China",1,1
Definition of SRE,verbal,,,,,,,,,,,,,,,,,Self-positivity bias: people tend to view themselves in an unrealistically positive light when compared to others or objective standards.,,Self-positivity bias: people tend to view themselves in an unrealistically positive light when compared to others or objective standards.,1,2,,,,,,,,,,,,,,,,"memory enhancement of self vs other in conceptual self-reference task and agentic
 self-reference task",,"memory enhancement of self vs other in conceptual self-reference task and agentic
 self-reference task",1,1,memory performance for items that participants self-selected vs those randomly selected by the computer,,memory performance for items that participants self-selected vs those randomly selected by the computer,1,1,a pervasive bias toward preferentially processing self-related information compared with other-related information,,a pervasive bias toward preferentially processing self-related information compared with other-related information,1,2,,,,,,,,,,,"Self-referential processing, the processing of stimuli related to one＊s own self.","Self-referential processing, the processing of stimuli related to one＊s own self,","Self-referential processing, the processing of stimuli related to one＊s own self.",1,1,"Self-reference effect is observed when the 
 degree of self-reference of the to-be-remembered materials is varied.","""Self-reference effect is observed when the 
 degree of self-reference of the to-be-remembered materials is varied.""","Self-reference effect is observed when the 
 degree of self-reference of the to-be-remembered materials is varied.",1,1,"Self-reference effect is observed when the 
 degree of self-reference of the to-be-remembered materials is varied.","""Self-reference effect is observed when the 
 degree of self-reference of the to-be-remembered materials is varied.""","Self-reference effect is observed when the 
 degree of self-reference of the to-be-remembered materials is varied.",1,1,"That is, in both cases, the processing subject
  (i.e., the self) refers to itself.",,"That is, in both cases, the processing subject
  (i.e., the self) refers to itself.",1,2,"Self concept: a general (context-independent) self-representation and a set of context-dependent selves that represent persol attributes in particular contexts (e.g., as a student, as a daughter).","The self-concept consists of both a general (context-independent) self-representation and a set of context-dependent selves that represent persol attributes in particular contexts (e.g., as a student, as a daughter).","Self concept: a general (context-independent) self-representation and a set of context-dependent selves that represent personal attributes in particular contexts (e.g., as a student, as a daughter).",1,1,,,,,,,,,,,,,,,,,1,1,,,,,,,,,,,,,"self descriptive traits are better remembered than traits descriptive of
 others (the self-reference effect.",,,"It is well documented that self referential processing yields superior memory compared with
 information encoded using semantic and other-referential encoding strategies , that is the SRE in the memory.",,"It is well documented that self referential processing yields superior memory compared with
 information encoded using semantic and other-referential encoding strategies , that is the SRE in the memory.",1,1,"self descriptive traits are better remembered than traits descriptive of
 others (the self-reference effect.","self descriptive traits are better remembered than traits descriptive of
 others (the self-reference effect.","self descriptive traits are better remembered than traits descriptive of
 others (the self-reference effect.",1,1,,,,,,The self-reference effect (SRE) is defined as better recall or recognition performance when the memorized materials refer to the self.,The self-reference effect (SRE) is defined as better recall or recognition performance when the memorized materials refer to the self.,The self-reference effect (SRE) is defined as better recall or recognition performance when the memorized materials refer to the self.,1,1,,,,,,,,,,,,,,,,,,,,,"self-referential processing, broadly defined by processing of information related to one's own person","self-referential processing, broadly defined by processing of information related to one's own person","self-referential processing, broadly defined by processing of information related to one's own person",1,1,,,,,,,,,,,,,,,,,,,,,,,,,,,,,,,,,
,,neuro,self>other,self>other,self>other,1,1,Self vs. other,Self vs. other,Self vs. other,1,1,Self vs. other,Self vs. other,Self vs. other,1,1,Self > other,Self > other,Self > other,1,1,self>friend ,self>friend ,self>friend ,1,1,"Self每Friend, Self-Agree每Self-Disagree, Reflected每Self","Self每Friend, Self-Agree每Self-Disagree, Reflected每Self","Self每Friend, Self-Agree每Self-Disagree, Reflected每Self",1,1,[self>semantic]>[other>semantic],"Self>Semantic, Other>Semantic",[self>semantic]>[other>semantic],1,2,self>Bush,self>Bush,self>Bush,1,1,self>computer,self>computer,self>computer,1,1,Self-Friend > Friend-Stranger,Self-Friend >Friend-Stranger,Self-Friend > Friend-Stranger,1,1, self>mother, self>mother, self>mother,1,1,self-referential > non-self-referential,self-referential > non-self-referential,self-referential > non-self-referential,1,1,self>non-self,self>non-self,self>non-self,1,1,"self minus other,Self minus Semantic",,"self minus other,Self minus Semantic",1,2,Self minus Semantic,,Self minus Semantic,1,2,Self > Other,self>non-self,Self > Other,1,1,※Self General§ > ※Self Specific§ > ※Other General§ > ※Other Specific§,,※Self General§ > ※Self Specific§ > ※Other General§ > ※Other Specific§,1,2,"Self > Syllable, other>syllable","You About Self > Friend About You, You About Self > Other About You","Self > Syllable, other>syllable","You About Self > Friend About You, You About Self > Other About You","Self > Syllable, other>syllable",,1,1,,,,,,"Self-evaluation vs. semantic evaluation,Self-evaluation vs. other- evaluation","Self-evaluation vs. semantic evaluation,Self-evaluation vs. other- evaluation","Self-evaluation vs. semantic evaluation,Self-evaluation vs. other- evaluation",1,1,"Self- vs Liu-judgments,Self- vs Father-judgments,Self- vs Best-Friend-judgments,Self- vs Font-judgments",,"Self- vs Liu-judgments,Self- vs Father-judgments,Self- vs Best-Friend-judgments,Self- vs Font-judgments",1,2,"Self minus other,Self minus mother",,"Self minus other,Self minus mother",1,2,"SelfˇSemantic, Other ˇ Semantic, Self ˇ Other",Self versus Semantic; Other versus Semantic; and Self versus Other.,"SelfˇSemantic, Other ˇ Semantic, Self ˇ Other",1,1,"SR>OR,SR_F>R",,"SR>OR,SR_F>R",1,2,,,,,,,"Self > Facts, other>facts, self>other",,2,1,,,,,,"self >semantic, other>semantic)","self >semantic, other>semantic)",,1,1,,,,,,,,,,,self versus Celebrity,self versus Celebrity,self versus Celebrity,1,1,Self-referential >social,Self-referential >social,Self-referential >social,1,1,,,,,,,,,,,,,,,,,,,,,,,,,,,,,,,,,
General,,Task,"judge(yes,no)this adjective describe
 self, Jesus,Sakyamuni,Zhu-Rongji;Is the word presented written in bold-faced characters","judge(yes,no)this adjective describe
 self, Jesus,Sakyamuni,Zhu-Rongji","judge(yes,no)this adjective describe
 self, Jesus,Sakyamuni,Zhu-Rongji;Is the word presented written in bold-faced characters",1,1,"judgements(yes,no) of visually and
 aurally presented statements about one＊s own traits, a familiar
 other＊s traits, and word valence","judge(yes, no) traits about self, other, valence across aural and visual modality","judgements(yes,no) of visually and
 aurally presented statements about one＊s own traits, a familiar
 other＊s traits, and word valence",1,1,"judgements(yes,no) of 
 aurally presented statements about one＊s own traits, a familiar
 other＊s traits, and word valence.","judge(yes, no) traits about self, other, valence across aural and visual modality","judgements(yes,no) of 
 aurally presented statements about one＊s own traits, a familiar
 other＊s traits, and word valence.",1,1,read and comprehend short two-sentence vignettes,"judge social vignettes that were either self-relevant or non-self-relevant with a neutral, positive or negative outcome described in the second sentence",read and comprehend short two-sentence vignettes,1,2,"read each statement about (Me, Friend, Reflected)and
 select a rating",,"read each statement about (Me, Friend, Reflected)and
 select a rating",1,2,"judge(agree,disagree)whether the statement describe self,friend,reflected; Self (e.g. ＆I believe I am deceitful＊), Friend (＆I believe ※my friend§ is moody＊) and Reflected (＆※My friend§ believes I am proud＊)","judge(agree,disagree)whether the statement describe self,friend,reflected; Self (e.g. ＆I believe I am deceitful＊), Friend (＆I believe ※my friend§ is moody＊) and Reflected (＆※My friend§ believes I am proud＊)","judge(agree,disagree)whether the statement describe self,friend,reflected; Self (e.g. ＆I believe I am deceitful＊), Friend (＆I believe ※my friend§ is moody＊) and Reflected (＆※My friend§ believes I am proud＊)",1,1,"Judge whether short sentences was true about self, other(acquaintance like classmate or teammate), semantic","judge(yes, no) whether the sentence was true about them, an acquaintance of theirs, or general knowledge","Judge(yes, no) whether short sentences was true about self, other(acquaintance like classmate or teammate), semantic",1,1,"conceptual self-reference, in which they judged their own or another person?s
  personality traits, and agentic self-reference, in which they
  freely chose an object or watched passively as one was chosen","conceptual self-reference, in which they judged their own or another person?s
  personality traits, and agentic self-reference, in which they
  freely chose an object or watched passively as one was chosen","conceptual self-reference, in which they judged their own or another person?s
  personality traits, and agentic self-reference, in which they
  freely chose an object or watched passively as one was chosen",1,1,"conceptual self-reference, in which they judged their own or another person?s
  personality traits, and agentic self-reference, in which they
  freely chose an object or watched passively as one was chosen","conceptual self-reference, in which they judged their own or another person?s
  personality traits, and agentic self-reference, in which they
  freely chose an object or watched passively as one was chosen","conceptual self-reference, in which they judged their own or another person?s
  personality traits, and agentic self-reference, in which they
  freely chose an object or watched passively as one was chosen",1,1,(fMRI WM task)memorize the locations and social labels of two color cues+then completed a recognition test,(fMRI WM task)memorize the locations and social labels of two color cues+then completed a recognition test,(fMRI WM task)memorize the locations and social labels of two color cues and then completed a recognition test.,1,1,"judge(1-4) whether a statement(physical, academic, prosocial) described themselves or mother","judge themselves and their mothers on positive and negative traits in three domains(physical, academic, prosocial)","judge(1-4) whether a statement(physical, academic, prosocial) described themselves or mother",1,1,"judge whether a trait adjective described themselves (self-referential condition),other/Dutch prime-minister, or whether the trait was socially desirable (non-referential condition)","indicate whether a trait adjective described their own personality (self-referential, Self condition), that of another person (other-referential, Other condition), or whether the trait was socially desirable (nonreferential, Control condition).","judge whether a trait adjective described themselves (self-referential condition),other/Dutch prime-minister, or whether the trait was socially desirable (non-referential condition)",1,1,"indicate with button press during the scanning session for each 
 picture whether the pictures personally related to them or not","judge(yes, no) traits about self, other for healthy people or patients","indicate with button press during the scanning session for each 
 picture whether the pictures personally related to them or not.",1,1,"judge (yes,no)whether a trait adjective described themselves,other/ LuXun,a word as※negative§or ""positive""","judged trait adjectives under three reference conditions of self, other and semantic processing","judge (yes,no)whether a trait adjective described themselves,other/ LuXun,a word as※negative§or ""positive""",1,1,"judge (yes,no)whether a trait adjective described themselves,mother,a word as※negative§or ""positive""","judge (yes,no)whether a trait adjective described themselves,mother,a word as※negative§or ""positive""","judge (yes,no)whether a trait adjective described themselves,mother,a word as※negative§or ""positive""",1,1,"Judge(sure yes,＃) whether the normed persolity traits applied to the evaluated condition(Self, Best friend with the same sex, Syllables), then judge if the word appears in the first stage","judge(※sure yes§, ※unsure yes§, ※unsure no§, ※sure no§) whether self, their best friend would be well characterized by traits","Judge(sure yes,＃) whether the normed personality traits applied to the evaluated condition(Self, Best friend with the same sex, Syllables), then judge if the word appears in the first stage",1,1,"judge the extent to which trait described their own persolity or a close friend, either in a specific context
 (i.e., as a student) or in general","judged which trait adjectives described their own persolity or the persolity of a close friend, either in a specific context (i.e., as a student) or in general","judge the extent to which trait described their own personality or a close friend, either in a specific context
 (i.e., as a student) or in general",1,1,"judge whether the persolity trait describe self, a close other ,whether each adjective described a
 trait that most people would consider a positive persolity
 characteristic,whether the adjective contained two syllables","judge whether the persolity trait describe self, a close other or a non-close other in directed and reflected perspective","judge(yes, no) traits about self, other, trait desirability through direct or reflected appraisals","judge(yes, no) traits about self, other, trait desirability through direct or reflected appraisals","judge whether the personality trait describe self, a close other ,whether each adjective described a
 trait that most people would consider a positive personality
 characteristic,whether the adjective contained two syllables","judge(yes, no) traits about self, other, trait desirability through direct or reflected appraisals",1,1,"Judge(yes,no)whether the phrase described oneself or a fictiol, highly familiar other: Harry Potter.",,"Judge(yes,no)whether the phrase described oneself or a fictional, highly familiar other: Harry Potter.",1,1,"judge(yes,no)trait adjectives across three condition:self-evaluation (SE),
 significant other(a close friend or relative)-evaluation (OE), and semantic positivity-evaluation
 (SPE)","judge(yes,no)trait adjectives across three condition:self-evaluation (SE), significant other(a close friend or relative)-evaluation (OE), and semantic positivity-evaluation (SPE)","judge(yes,no)trait adjectives across three condition:self-evaluation (SE),
 significant other(a close friend or relative)-evaluation (OE), and semantic positivity-evaluation
 (SPE)",1,1,"judge(yes,no)a trait describe self,mother,father,friend,Liu","judge(yes, no) traits about self, mother, father, a gender-matched best friend or Xiang Li; memory test","judge(yes,no)a trait describe self,mother,father,friend,Liu",1,1,"judge(yes,no) a trait on self, an intimate-other (i.e. mother) and a third public figure","judge if an adjective was appropriate to describe themselves, their mother, or a famous public figure","judge(yes,no) a trait on self, an intimate-other (i.e. mother) and a third public figure",1,1,"judge(yes,no) persolity trait sentencess about self, other/their brothers, or general knowledge(Semantic)","judge(yes, no) traits about self, other, semantic","judge(yes,no) personality trait sentencess about self, other/their brothers, or general knowledge(Semantic)",1,1,"combine the directed forgetting paradigm with the self-reference task,remember of forget in self or other(Luxun) reference","judge(yes, no) traits about self, other for healthy people or patients","combine the directed forgetting paradigm with the self-reference task,remember of forget in self or other(Luxun) reference",1,1,"judge(yes,no) if an adjective was proper to describe the self, mother, other (Bill Clinton,the former American president, for Western subjects, or Rongji Zhu,
 the former Chinese premier, for Chinese subjects) or to judge thefont of the words (uppercase or lowercase letters for Western
 subjects, bold- or light-faced character for Chinese subjects)","judge(yes, no) traits about self, mother, other, font in two distinct types of self-representation (Western independent self and East Asian interdependent self)","judge(yes,no) if an adjective was proper to describe the self, mother, other (Bill Clinton,the former American president, for Western subjects, or Rongji Zhu,
 the former Chinese premier, for Chinese subjects) or to judge thefont of the words (uppercase or lowercase letters for Western
 subjects, bold- or light-faced character for Chinese subjects)",1,1,"judge(yes,no)whetherthey considered the sentence to be true or false in self ,other,facts","judge(yes, no) traits about self, other and facts","judge(yes,no)whetherthey considered the sentence to be true or false in self ,other,facts",1,1,"judge how well they thought each trait adjective described them or oto Kan (a
 previous Japanese prime minister)","judge(1-4) how well each trait adjective described self, other","judge how well they thought each trait adjective described them or Naoto Kan (a
 previous Japanese prime minister)",1,1,"judge sentences in three conditions:
 self-reflection, other-reflection and semantic control(general knowledge).","judge(1-4) how well each trait adjective described self, other, semantic","judge sentences in three conditions:
 self-reflection, other-reflection and semantic control(general knowledge).",1,2,recalled whether each adjective had initially been characterized as fitting the person or not;control(whether the number of syllables was even.),"judgehow well each trait adjective described self, friend, danish queen",recalled whether each adjective had initially been characterized as fitting the person or not;control(whether the number of syllables was even.),1,1,"judge in three conditions whether the presented positive and negative persolity traits characterized themselves, an intimate person, or included a certain letter.","judge how well each trait adjective described self, an intimate person, or included a certain letter","judge in three conditions whether the presented positive and negative personality traits characterized themselves, an intimate person, or included a certain letter.",1,1,judge(1-4) a trait describe self or celebrity;evaluate(agree) feeback of other in self/celebrity,"judge how well each trait adjective described self, other",judge(1-4) a trait describe self or celebrity;evaluate(agree) feeback of other in self/celebrity,1,1,combined an established paradigm for explicit self-referential processing with an implicit social stimulus,"judge whether the traits(social, non-social) applied to self, non-self",combined an established paradigm for explicit self-referential processing with an implicit social stimulus,2,1,judge whether the traits applied to themselves,judge whether the traits applied to themselves,judge whether the traits applied to themselves,1,1,"female participants to compare their own attractiveness每or the attractiveness
 of a familiar woman 每 to a series of photographs showing female faces",compare their own attractiveness每or the attractiveness of a familiar woman 每 to a series of photographs showing female faces,"female participants to compare their own attractiveness每or the attractiveness
 of a familiar woman 每 to a series of photographs showing female faces",1,1,"judge(yes,no) whether trait adjectives describe themselves, the best friend, a neutral stranger, and an unpleasant person","judge(yes,no) whether trait adjectives describe themselves, the best friend, a neutral stranger, and an unpleasant person","judge(yes,no) whether trait adjectives describe themselves, the best friend, a neutral stranger, and an unpleasant person",1,1,"judge(yes,no) whether persolity traits applied to themselves, the minimally-related other, or the unrelated other","rate(1-4) the same trait for themselves and minimally-related other, or the unrelated other","judge(yes,no) whether persolity traits applied to themselves, the minimally-related other, or the unrelated other","rate(1-4) the same trait for themselves and minimally-related other, or the unrelated other","judge(yes,no) whether personality traits applied to themselves, the minimally-related other, or the unrelated other","rate(1-4) the same trait for themselves and minimally-related other, or the unrelated other",1,1,"trait judgment task to assess mentalizing by asking participants
 to make persol judgments about a romantic partner, a parent(young adults) or child (older adults), a close friend, a familiar
 acquaintance and the self","trait judgment task to assess mentalizing by asking participants
 to make persol judgments about a romantic partner, a parent(young adults) or child (older adults), a close friend, a familiar
 acquaintance and the self","trait judgment task to assess mentalizing by asking participants
 to make personal judgments about a romantic partner, a parent(young adults) or child (older adults), a close friend, a familiar
 acquaintance and the self",1,1,"judge whether the contradictory /non-contradictory pair described
 themselves or a public figure","judge whether the contradictory /non-contradictory pair described
 themselves or a public figure","judge whether the contradictory /non-contradictory pair described
 themselves or a public figure",1,1
,,Deviation_from_1977,no,no,no,1,1,no,no,no,1,1,no,no,no,1,1,yes,yes,yes,1,1,yes,yes,yes,1,1,yes,yes,yes,1,1,yes,yes,yes,1,1,yes,yes,yes,1,1,yes,yes,yes,1,1,,,,,,yes,yes,yes,1,1,yes,yes,yes,1,1,yes,yes,yes,1,1,,,,,,,,,,,no,no,no,1,1,Yes,yes,Yes,1,1,yes,yes,yes,yes,yes,yes,1,1,yes,yes,yes,1,1,Yes,Yes,Yes,1,1,no,no,no,1,1,no,no,no,1,1,yes,yes,yes,1,1,yes,yes,yes,1,1,no,no,no,1,1,yes,no,yes,1,2,no,no,no,1,1,yes,no,yes,1,2,no,no,no,1,1,no,no,no,1,1,yes,yes,yes,1,1,yes,yes,yes,1,1,yes,yes,yes,1,1,Yes,Yes,Yes,1,1,yes,yes,yes,1,1,no,yes,no,yes,no,yes,1,1,yes,yes,yes,1,1,yes,yes,yes,1,1
Design,,Factorial_type,mixed,mixed,mixed,1,1,within,,within,1,2,mixed,,mixed,1,2,Within,,Within,1,2,mixed,"reference(self, friend, reflected)",mixed,1,1,mixed,,mixed,1,2,within,within,within,1,1,within,,within,1,2,within,,within,1,2,within,,within,1,2,Within,,Within,1,2,mixed,,mixed,1,2,mixed,,mixed,1,2,within,,within,1,2,within,,within,1,2,within,within,within,1,1,Within,,Within,1,2,Within,Within,Within,Within,Within,Within,1,1,mixed,,mixed,1,2,within,within,within,1,1,within,within,within,1,1,mixed,mixed,mixed,1,1,Within,within,Within,1,1,within,within,within,1,1,mixed,mixed,mixed,1,1,mixed,mixed,mixed,1,1,within,within,within,1,1,mixed,mixed,mixed,1,1,within,within,within,1,1,mixed,mixed,mixed,1,1,within,within,within,1,1,within,within,within,1,1,mixed,mixed,mixed,1,1,within,within,within,1,1,within,within,within,1,1,within,within,within,within,within,within,1,1,within,within,within,1,1,Within,Within,Within,1,1
,,IV1,"Self, Jesus, Sakyamuni, other/Zhu-Rongji, Font","reference(self, Jesus, Sakyamuni, other, font)","Self, Jesus, Sakyamuni, other/Zhu-Rongji, Font",1,1,"self,other(Xiang Liu/Xuan Liu),valence","reference(self, familiar other, valence)","self,other(Xiang Liu/Xuan Liu),valence",1,1,"self,other(Xiang Liu/Xuan Liu),valence","reference(self, familiar other, valence)","self,other(Xiang Liu/Xuan Liu),valence",1,1,self-relevant or non-self-relevant,"reference(self, other)",self-relevant or non-self-relevant,1,1,"Self, friend, reflected","task(social, physical)","Self, friend, reflected",1,1,"Self, friend, reflected","reference(self, friend, reflected)","Self, friend, reflected",1,1, ,"reference(self, acquaintance, semantic)"," self, acquaintance, semantic",2,1,"self,other","reference(self, other)","self,other",1,1,"self,other","reference(self, other)","self,other",1,1,"self-match, friend-match, stranger-match","reference(self, friend, stranger)","self-match, friend-match, stranger-match",1,1,"self, mother","self, mother","self, mother",1,1,"self,other/Dutch prime-minister,social","reference(self, other, semantic)","self,other/Dutch prime-minister,social",1,1,"Self-referential, non-self-referential","reference(self, non-self)","Self-referential, non-self-referential",1,1,"self, other, semantic","reference(self, other, semantic)","self, other, semantic",1,1,"self, mother, semantic","self, mother, semantic","self, mother, semantic",1,1,"Self, Friend, and Syllables","reference(self, other, syllable)","Self, Friend, and Syllables",1,1,"self, a close other","reference(self, friend, semantic)","self, a close other",1,1,"self, a close other,Positive,Syllable)","self, friend or a non-close other,)","reference(self, other, syllable)","reference(self, other, syllable)","self, a close other,Positive,Syllable)","reference(self, other, syllable)",1,1,"self, Harry Potter","reference(self, social)","self, Harry Potter",1,1,"self-evaluation (SE), other-evaluation (OE),semantic positivity-evaluation (SPE)","reference(self, other, semantic)","self-evaluation (SE), other-evaluation (OE),semantic positivity-evaluation (SPE)",1,1,"Self, Mother,Father,Best friend,Liu-Xiang,Font","reference(self, mother, father, well-known other, font)","Self, Mother,Father,Best friend,Liu-Xiang,Font",1,1,"self,mother,other(Lu Xun, a famous Chinese writer, for Han participants; or Don-grub-rgyal, a famous Tibetan writer and poet, for Tibetan participants), font","reference(self, mother, famous other, font)","self,mother,other(Lu Xun, a famous Chinese writer, for Han participants; or Don-grub-rgyal, a famous Tibetan writer and poet, for Tibetan participants), font",1,1,"self, other, general knowledge","reference(self, other, semantic)","self, other, general knowledge",1,1,2 (instruction: R ＆＆remember＊＊vs. F＆＆forget＊＊),"reference(self, other)",2 (instruction: R ＆＆remember＊＊vs. F＆＆forget＊＊),1,1,"Subject: Western , Chinese","reference(self, mother, other, font)","Subject: Western , Chinese",1,1,"Self, Other(acquaintance), Facts (general knowledge)","reference(self, other, facs)","Self, Other(acquaintance), Facts (general knowledge)",1,1,"self,other/oto Kan","reference(self, non-self)","self,other/Naoto Kan",1,1,"self-reflection, other-reflection and semantic control","reference(self, other, semantic)","self-reflection, other-reflection and semantic control",1,1,"Self,Best Friend,and the Danish Queen","reference(self, friend, Danish Queen)","Self,Best Friend,and the Danish Queen",1,1,"SZ,HC","reference(self, other, semantic)","SZ,HC",1,2,"self,celebrity","reference(self, celebrity)","self,celebrity",1,1,"self(se+),non-self(se-)","self, non-self","self(se+),non-self(se-)",1,1,"Attribute (male, female)","Attribute (male, female)","Attribute (male, female)",1,1,direction(upward vs downward),direction(upward vs downward),direction(upward vs downward),1,1,"Me,Friend,a neutral stranger,an unpleasant person","reference(self, friend, a neutral stranger, an unpleasant person)","Me,Friend,a neutral stranger,an unpleasant person",1,1,"Self,Minimally-Related Other condition,Unrelated Other condition","Prime Condition (Self, Minimally-related
 Other, Other)","Self,Minimally-Related Other condition,Unrelated Other condition","Prime Condition (Self, Minimally-related
 Other, Other)","Self,Minimally-Related Other condition,Unrelated Other condition","Prime Condition (Self, Minimally-related
 Other, Other)",1,1,"partner, parent (for young adults) or child (for older adults),
  close friend, familiar acquaintance, famous person, self and
 ＆which number'control","partner, parent (for young adults) or child (for older adults),
close friend, familiar acquaintance, famous person, self and ＆which number'control","partner, parent (for young adults) or child (for older adults),
  close friend, familiar acquaintance, famous person, self and
 ＆which number'control",1,1,"self,other/Hu Jintao","reference(self,other/Hu Jintao)","self,other/Hu Jintao",1,1
,,IV2,"Non-religious, Christians",,"Non-religious, Christians",1,2,,"modality(visual, aural)",,1,2,"blind,sighted",,"blind,sighted",1,2,"positive, negative, neutral","valence(negative, positive, neutral)","positive, negative, neutral",1,1,"Social, physical","Social, physical","Social, physical",1,1,"HC, AN-WR,AN-C",,"HC, AN-WR,AN-C",1,2,,,,,,,,,,,,,,,,,,,,,"physical, academic, prosocial","physical, academic, prosocial","physical, academic, prosocial",1,1,"healthy,Unaffected
 siblings",,"healthy,Unaffected
 siblings",1,2,"Healthy, Manic","group(bipolar, healthy)","Healthy, Manic",1,1,,,,,,,,,,,"old/same, old/
 different, new",,"old/same, old/
 different, new",1,2,"Context(specific, general)","context(general, specific)","Context(specific, general)",1,1,,"Perspective(Direct, reflected, normative)",,"apprasial(direct, reflected",,"apprasial(direct, reflected",1,1,"children, adults","group(child, adults)","children, adults",1,1,,,,,,,,,,,"Han,Tibetan","group(Han,Tibetan)","Han,Tibetan",1,1,,,,,,"2 [reference: self-reference (SR) vs.
 other-reference (OR)]",instruction: R vs. F),"2 [reference: self-reference (SR) vs.
 other-reference (OR)]",1,1,"Task: self, mother, other or font",,"Task: self, mother, other or font",1,1,"Healthy, unhealthy",,"Healthy, unhealthy",1,2,,,,,,"group(BD, SZ, HC)","group(BD, SZ, HC)","group(BD, SZ, HC)",1,1,,,,,,"self,other,lexical","self,other,lexical","self,other,lexical",1,1,"positive,negative","perspective(self-evaluation, social feedback)","positive,negative",1,2,"social(so+),non-social","social, non-social","social(so+),non-social",1,1,"Appraisal Condition
 (self, typical other man, typical other woman, and lexical)","Reference (self, other, lexicall)","Appraisal Condition
 (self, typical other man, typical other woman, and lexical)",1,1,comparison targets (self-other vs familiar-other),reference(self-other vs familiar-other),comparison targets (self-other vs familiar-other),1,1,,,,,,,"Evaluation (Prime,
 paired self-evaluation)",,"Evaluation (Prime,
 paired self-evaluation)",,"Evaluation (Prime,
 paired self-evaluation)",1,2,,"group(young, old)",,2,1,"non-contradictory,contradictory","non-contradictory,contradictory","non-contradictory,contradictory",1,1
,,IV3,,,,,,,,,,,,,,,,,,,,,"CON, RAN","CON, RAN","CON, RAN",1,1,,,,,,,,,,,,,,,,,,,,,,,,,,"positive,negative","valance(positive, negative)","positive,negative",1,1,,,,,,"social, non-social","stimulus (social, non-social)","social, non-social",1,1,,,,,,,,,,,,,,,,,,,,,,,,,,,,,,,,,,,,,,,,,,,,,,,,,,,,,,,,,,,,,,,,,,,,,,,,,,,,,,,,,,,,"positive, negative","positive, negative","positive, negative",1,1,"evaluation,social feedback",,"evaluation,social feedback",,,,,,,,,,,,,distance(high vs low distance),distance(high vs low distance),distance(high vs low distance),1,1,,,,,,,,,,,,,,,,,,,,,,,
,,Sensory_modality,visual,visual,visual,1,1,"visual,auditory","visual, aural","visual,auditory",1,1,auditory,auditory,auditory,1,1,Visual,,Visual,1,2,Visual,Visual,Visual,1,1,Visual,,Visual,1,2,Visual,,Visual,1,2,Visual,,Visual,1,2,visual,,visual,1,1,Visual,,Visual,1,2,visual,,visual,1,2,Visual,,Visual,1,2,Visual,Visual,Visual,1,1,Visual,,Visual,1,2,Visual,,Visual,1,2,Visual,visual,Visual,1,1,Visual,visual,Visual,1,1,Visual,Visual,visual,visual,Visual,visual,1,1,Auditory,auditory,Auditory,1,1,visual,visual,visual,1,1,visual,visual,visual,1,1,visual,visual,visual,1,1,visual,visual,visual,1,1,visual,visual,visual,1,1,visual,visual,visual,1,1,Visual,visual,Visual,1,1,visual,visual,visual,1,1,visual,visual,visual,1,1,visual,visual,visual,1,1,visual,visual,visual,1,1,Visual,visual,Visual,1,1,Visual,Visual,Visual,1,1,visual,visual,visual,1,1,Visual,Visual,Visual,1,1,visual,visual,visual,1,1,visual,visual,visual,visual,visual,visual,1,1,visual,visual,visual,1,1,visual,visual,visual,1,1
,,Content,trait,trait,trait,1,1,statement,statement,statement,1,1,statement,statement,statement,1,1,two-sentences scenarios,trait,two-sentences scenarios,1,2,statement,statement,statement,1,1,statement,trait,statement,1,2,statement,trait,statement,1,1,card,card with a word,card,1,1,card,card with a word,card,1,1,colored circle,color,colored circle,1,1,statement,trait,statement,1,2,trait,trait,trait,1,1,non-erotic pictures,picture,non-erotic pictures,1,1,trait,trait,trait,1,,trait,trait,trait,1,1,trait,trait,trait,1,1,trait,trait,trait,1,1,trait,trait,trait,trait,trait,trait,1,1,a short phrase,short phrases,a short phrase,1,1,trait,trait,trait,1,1,trait,trait,trait,1,1,trait,trait,trait,1,1,statement,trait,statement,1,2,trait,trait,trait,1,1,trait,trait,trait,1,1,statement,trait,statement,1,2,trait,trait,trait,1,1,statement,trait,statement,1,2,trait,trait,trait,1,1,trait,trait,trait,1,1,trait,trait,trait,1,1,non-erotic pictures,pictures,non-erotic pictures,1,1,trait,trait,trait,1,1,female faces,female faces,female faces,1,1,trait,trait,trait,1,1,trait,trait,trait,trait,trait,trait,1,1,trait,trait,trait,1,1,trait pairs,trait pairs,trait pairs,1,1
,,Category,personality,personality,personality,1,1,"positive,negative",personality,"positive,negative",1,2,"positive,negative",,"positive,negative",1,2,"postive, negative, neutral","positive, negative, neutral","postive, negative, neutral",1,1,"social, physical","social, physical","social, physical",1,1,"postive, negative",personality,"postive, negative",1,2,"Semantic: with true or false items 
 Self, Other: physical/personality traits","physical, personality","Semantic: with true or false items 
 Self, Other: physical/personality traits",1,2,"positive,negative",positive and negative trait adjectives,"positive,negative",1,1,abstract and concrete nouns,abstract and concrete nouns,abstract and concrete nouns,1,1,self-friendㄛself-strangerㄛfriend-stranger,,self-friendㄛself-strangerㄛfriend-stranger,1,2,"(physical, academic, prosocial)x(positive,negative)","positive, negative","(physical, academic, prosocial)x(positive,negative)",1,2,personality,personality,personality,1,1,"social, non-social","social, non-social","social, non-social",1,1,personality,,personality,1,2,personality,,personality,1,2,persolity,persolity ,personality,1,1,persolity,persolity ,personality,1,1,"positive,negative",,persolity ,persolity ,"positive,negative",persolity ,1,1,/,/,"social,verbal每academic competence",1,1,"persolity[general disposition, interactive social characteristics , cognitive , physical
 traits]","persolity[general disposition, interactive social characteristics , cognitive , physical
 traits]","personality[general disposition, interactive social characteristics , cognitive , physical
 traits]",1,1,persolity,persolity ,personality,1,1,persolity,persolity ,personality,1,1,Self-Esteem,persolity ,Self-Esteem,1,1,negative,negative persolity ,negative personality ,1,1,persolity,persolity ,personality,1,1,"persol qualities, attributes
 or attitudes","persolity, behavior and attitudes,","personal qualities, attributes
 or attitudes",1,1,persolity,persolity ,personality,1,1,positive/negative valence and mental/physical quality,persolity ,positive/negative valence and mental/physical quality,1,2,persolity,persolity ,personality,1,1,persolity,"positive, negative","positive, negative",1,2,persolity,persolity ,personality,1,1,neutral to positive;90 social and 70 non-social,"social, non-social",neutral to positive;90 social and 70 non-social,1,1,persolity; femininity/masculinity,femininity/masculinity,personality; femininity/masculinity,1,1,low to high attractiveness(unknown Caucasian women seemingly in their twenties),low to high attractiveness,low to high attractiveness(unknown Caucasian women seemingly in their twenties),1,1,"positive, 30 neutral,
 and 30 negative adjectives","positive, neutral, negative","positive, 30 neutral,
 and 30 negative adjectives",1,1,persolity,persolity,persolity ,persolity,personality,personality,1,1,persolity,persolity,personality,1,1,"persolity(non-contradictory,contradictory)","persolity(non-contradictory,contradictory)","personality(non-contradictory,contradictory)",1,1
,,Unique number of stimuli,480,480,480,1,1,444,444,444,1,1,444,444,444,1,1,216,216,216,1,1,48,48,48,1,1,48,48,48,1,1,90,90,90,1,1,52,52,52,1,1,52,52,52,1,1,,,,,,60,,60,1,2,,,,,,160,160,160,1,1,168,168,168,1,1,168,168,168,1,1,240,240,240,1,1,40,40,40,1,1,48,48,48,48,48,48,1,1,40,40,40,1,1,30,30,30,1,1,480,480,480,1,1,384,384,384,1,1,96,96,96,1,1,240,240,240,1,1,384,384,384,1,1,54,,54,1,2,300,300,300,1,1,180,,180,1,2,75,75,75,1,1,126,126,126,1,1,336,336,336,1,1,160,160,160,1,1,240,240,240,1,1,240,240,240,1,1,90,90,90,1,1,600,600,,600,600,600,1,1,50,50,50,1,1,356,356,356,1,1
Procedure,notes,Encoding or not,yes,Yes,yes,1,1,yes,Yes,yes,1,1,yes,yes,yes,1,1,no,,no,1,2,yes,yes,yes,1,1,yes,,yes,1,2,yes,yes,yes,1,1,,,,,,,,,,,no,,no,1,2,yes,,yes,1,2,yes,yes,yes,1,1,yes,yes,yes,1,1,yes,yes,yes,1,1,yes,yes,yes,1,1,yes,Yes,yes,1,1,yes,Yes,yes,1,1,yes,,Yes,Yes,yes,Yes,2,1,yes,Yes,yes,1,1,yes,yes,yes,1,1,yes,Yes,yes,1,1,yes,Yes,yes,1,1,yes,Yes,yes,1,1,no,Yes,no,1,1,yes,Yes,yes,1,1,yes,Yes,yes,1,1,yes,Yes,yes,1,1,yes,Yes,yes,1,1,no,no,no,1,1,yes,yes,yes,1,1,yes,yes,yes,1,1,yes,yes,yes,1,1,yes,yes,yes,1,1,yes,yes,yes,1,1,yes,yes,yes,1,1,yes,yes,,yes,yes,yes,1,1,yes,yes,yes,1,1,yes,yes,yes,1,1
,,In scanner or not,yes,yes,yes,1,1,yes,yes,yes,1,1,yes,yes,yes,1,1,yes,yes,yes,1,1,yes,yes,yes,1,1,yes,,yes,1,2,yes,yes,yes,1,1,,yes,,2,1,,yes,,2,1,yes,yes,yes,1,1,yes,yes,yes,1,1,yes,yes,yes,1,1,yes,Yes,yes,1,1,yes,yes,yes,1,1,yes,yes,yes,1,1,yes,Yes,yes,1,1,yes,Yes,yes,1,1,yes,,Yes,Yes,yes,Yes,2,1,yes,Yes,yes,1,1,yes,yes,yes,1,1,yes,Yes,yes,1,1,yes,Yes,yes,1,1,yes,Yes,yes,1,1,yes,Yes,yes,1,1,yes,Yes,yes,1,1,yes,Yes,yes,1,1,yes,Yes,yes,1,1,yes,Yes,yes,1,1,no,no,no,1,1,yes,yes,yes,1,1,yes,yes,yes,1,1,yes,yes,yes,1,1,yes,yes,yes,1,1,yes,yes,yes,1,1,yes,yes,yes,1,1,yes,yes,yes,yes,yes,yes,1,1,yes,yes,yes,1,1,yes,yes,yes,1,1
,,Response_type,"yes,no","yes, no","yes,no",1,1,"yes,no","yes, no","yes,no",1,1,"yes,no","yes, no","yes,no",1,1,,,,,,"agreement, 1-4","agreement, 1-4","agreement, 1-4",1,1,"agree,disagree","yes, no","agree,disagree",1,1,"yes, no","yes, no","yes, no",1,1,"
1 ( poor descriptor) to 4 (good descriptor)","
1 ( poor descriptor) to 4 (good descriptor)","
1 ( poor descriptor) to 4 (good descriptor)",1,1,1 ( poor descriptor) to 4 (good descriptor),1 ( poor descriptor) to 4 (good descriptor),1 ( poor descriptor) to 4 (good descriptor),1,1,yesㄛno,"match, mismatch",yesㄛno,1,2,1 (＆not at all＊) and 4 (＆completely＊),2 (＆not at all＊) and 4 (＆completely＊),1 (＆not at all＊) and 4 (＆completely＊),1,1,"yes, no","yes, no","yes, no",1,1,"Yes, no","yes, no","Yes, no",1,1,"yes (or ※positive§),
 no (or ※negative§);
 ※not sure§ (or ※neutral§)","positve, negative, neutral","yes (or ※positive§),
 no (or ※negative§);
 ※not sure§ (or ※neutral§)",1,1,"yes (or ※positive§),
 no (or ※negative§);
 ※not sure§ (or ※neutral§)","positve, negative, neutral","yes (or ※positive§),
 no (or ※negative§);
 ※not sure§ (or ※neutral§)",1,1,"sure yes, unsure yes, unsure no, sure no","(※sure yes§, ※unsure yes§, ※unsure no§, ※sure no§","sure yes, unsure yes, unsure no, sure no",1,1,"(1 = ※not at all§,2=※a little§,3=※quite well§,4=※completely§)",44565,"(1 = ※not at all§,2=※a little§,3=※quite well§,4=※completely§)",1,1,"Yes, no",1 = not at all; 4 = very much,"yes, no",44565,"Yes, no",44565,1,1,"yes, no","yes, no/respond whether the phrases described them now or early school years.","yes, no",1,1,"yes,no","yes,no","yes,no",1,1,"yes,no","yes, no","yes,no",1,1,"yes,no","yes, no","yes,no",1,1,※like me§ or ※unlike me§,"yes, no",※like me§ or ※unlike me§,1,1,"yes,no","yes, no","yes,no",1,1,"yes,no","yes, no","yes,no",1,1,"yes,no","yes, no","yes,no",1,1,"""almost never,"" ""rarely,"" ""sometimes,"" or""almost always""","＆＆almost never,＊＊ ＆＆rarely,＊＊ ＆＆sometimes,＊＊ or ＆＆almost always＊＊","""almost never,"" ""rarely,"" ""sometimes,"" or""almost always""",1,1,1-fully disagree; 4-fully agree,1-fully disagree; 4-fully agree,1-fully disagree; 4-fully agree,1,1,44567,44567,44567,1,1,,,,,,"(1= not at all like me, 4= most like me);(1= strongly disagree, 4= strongly agree)","1 = not at all like me, 4 = most like me","(1= not at all like me, 4= most like me);(1= strongly disagree, 4= strongly agree)",1,1,"yes,no","yes,no","yes,no",1,1,"yes,no","yes,no","yes,no",1,1,"left(themselves or their familiar other),right(the woman on the screen )","left, right","left(themselves or their familiar other),right(the woman on the screen )",1,1,"yes,no","yes,no","yes,no",1,1,"yes,no",1~4,"yes, no",,"yes,no",1~4,1,2,"1 (unlike this
 person) to 3 (very much like this person)","1 (unlike this
 person) to 3 (very much like this person)","1 (unlike this
 person) to 3 (very much like this person)",1,1,"yes,no","yes,no","yes,no",1,1
,,Response_Method,press button,press button,press button,1,1,press button,press buttons,press button,1,1,press button,press buttons,press button,1,1,answer comprehension questions,,answer comprehension questions,1,2,press buttons,press buttons,press buttons,1,1,press button,press buttons,press button,1,1,press button,press buttons,press button,1,1,,press buttons,press button,2,1,,press buttons,press buttons,2,1,,,press buttons,2,2,Press buttons,press buttons,Press buttons,1,1,press buttons,press buttons,press buttons,1,1,Press buttons,press buttons,Press buttons,1,1,"if judge a word as ※yes§ (or ※positive§),press a button once;if judge a word as no (or ※negative§),press a button twice; if ※not sure§ (or ※neutral§),not to respond",,"if judge a word as ※yes§ (or ※positive§),press a button once;if judge a word as no (or ※negative§),press a button twice; if ※not sure§ (or ※neutral§),not to respond",1,1,"if judge a word as ※yes§ (or ※positive§),press a button once;if judge a word as no (or ※negative§),press a button twice; if ※not sure§ (or ※neutral§),not to respond",,"if judge a word as ※yes§ (or ※positive§),press a button once;if judge a word as no (or ※negative§),press a button twice; if ※not sure§ (or ※neutral§),not to respond",1,1,press buttons,press buttons,press buttons,1,1,press buttons,press buttons,press buttons,1,1,press buttons,press buttons,press buttons,press buttons,press buttons,press buttons,1,1,using a button box to auditory presentation of the phrases via headphones,press buttons,using a button box to auditory presentation of the phrases via headphones,1,1,press button,press button,press button,1,1,press button,press buttons,press button,1,1,press button,press buttons,press button,1,1,press buttons,press buttons,press buttons,1,1,press button,press buttons,press button,1,1,press button,press buttons,press button,1,1,press button,press buttons,press button,1,1,Press buttons,press buttons,Press buttons,1,1,press buttons,press buttons,press buttons,1,1,,press buttons,press buttons,2,1,press buttons,press buttons,,1,1,press button,press buttons,press button,1,1,press button,press button,press button,1,1,press button,press button,press button,1,1,press button,press button,press button,1,1,press button,press button,press button,1,1,press button,press button,press buttons,press button,press button,press button,1,1,press button,press button,press button,1,1,press button,press button,press button,1,1
,,Number_of_trial_total,240,240,240,1,1,324,,324,1,2,162,,162,1,2,216,,216,1,2,144,,144,1,2,144,144,144,1,1,90,90,90,1,1,,,100,2,2,,,100,2,2,192,,192,1,2,120,,120,1,2,140,,120,2,2,160,160,160,1,1,108,108,108,1,1,108,108,108,1,1,180,180,180,1,1,200,80(general)+120(specific),200,1,1,48,336,48,48,48,48,2,1,80,80,80,1,1,90,60,90,1,2,288,288,288,1,1,192,192,192,1,1,144,144,144,1,1,120,120,120,1,1,192,432,192,1,2,54,54,54,1,1,,,,,,180,180,180,1,1,,,,,,126,126,126,1,1,336,336,336,1,1,160,160,160,1,1,240,240,240,1,1,240,240,240,1,1,90,90,90,1,1,300,360,300,360,300,360,1,2,350,350,350,1,1,128,128,128,1,1
,,Number_of_trial_block,80,NA,NA,2,1,54,54,54,1,1,54,54,54,1,1,36,36,36,1,1,12,,12,1,2,16,NA,16,1,2,18,4,6,2,2,,,,,,,,,,,,,,,,60,60,60,1,1,28,8,8,2,1,40,NA,40,1,2,9(12blocks),9,9(12blocks),1,1,9(13blocks),,9(13blocks),1,2,5,5,5,1,1,4,4,4,1,1,12,8,12,8,12,8,1,1,20,20,20,1,1,6,6,6,1,1,8,(box-car design),8,1,2,48,,NA,2,1,4,12,4,1,2,40,,40,1,2,12,,12,1,2,3,3,3,1,1,,,,,,5,5,5,1,1,,,,,,,,,,,6,6,6,1,1,,,,,,,,,,,5,5,5,1,1,,,,,,,,,,,,,,5,5,5,1,1,,,,,
,,In scanner or not,no,no,no,1,1,no,no,no,1,1,no,no,no,1,1,,,,,,,,,,,,,,,,,,,,,no,no,no,1,1,yes,yes,yes,1,1,,,,,,no,no,no,1,1,,,,,,,,,,,no,no,no,1,1,no,,no,1,1,yes,yes,yes,1,1,,,,,,,,,,,,,,,,,,,,,,,,no,no,,1,1,,,,,,,,,,,no,no,no,1,1,no,no,no,1,1,,,,,,yes,yes,yes,1,1,,,,,,yes,yes,yes,1,1,no,no,,1,1,,,,,,,,,,,,,,,,,,,,,,,,,,no,,no,,no,,1,1,,,,,,,,,,
,,Response_type,"old,new","old, new","old,new",1,1,"old,new","old, new","old,new",1,1,"old,new","old, new","old,new",1,1,,,,,,,,,,,,,,,,,,,,,"old,new","old, new","old,new",1,1,"※old§ with high confidence;
 ※old§ with low confidence; and ※new",※old§ with high confidence; ※old§ with low confidence; and ※new.§,"※old§ with high confidence;
 ※old§ with low confidence; and ※new",1,1,,,,,,,,,,,,,,,,,,,,,"N(new);
 Y(old),further ※R§ key, for remembering, or the ※K§ key, for knowing","remember, know","N(new);
 Y(old),further ※R§ key, for remembering, or the ※K§ key, for knowing",1,1,"N(new);
 Y(old),further ※R§ key, for remembering, or the ※K§ key, for knowing","remember, know","N(new);
 Y(old),further ※R§ key, for remembering, or the ※K§ key, for knowing",1,1,"sure yes, unsure yes, unsure no, sure no","※yes§ only for old/same words, but ※no§ for both old/different and new words","sure yes, unsure yes, unsure no, sure no",1,1,,,,,,,,,,,,,,,,,,,,,,,,"old,new","old, new","old,new",1,1,"old,new","old, new","old,new",1,1,,,,,,"old(irrespective of the ＆＆F＊＊ or ＆＆R＊＊ instruction),new","old, new","old(irrespective of the ＆＆F＊＊ or ＆＆R＊＊ instruction),new",1,1,"old(further asked to
  make an R＆remembering＊/K＆knowing＊ judgment),new","recognition, knowing","old(further asked to
  make an R＆remembering＊/K＆knowing＊ judgment),new",1,2,,,,,,"Yes, no","old, new","Yes, no",1,1,,,,,,a two-point scale,a two-point scale,a two-point scale,1,1,,"negativeness, -4-4","negativeness, -4-4",2,1,,,,,,,,,,,,,,,,,,,,,,,,,,High-confidence Old;Low-confidence Old;New,,rating,,High-confidence Old;Low-confidence Old;New,,1,1,,,,,,,,,,
,,Response_Method,press button,,press button,1,2,press button,press buttons,press button,1,1,press button,press buttons,press button,1,1,,,,,,,,,,,,,,,,,,,,,press button,press buttons,press button,,,press button,press buttons,press button,1,1,,,,,,,,,,,,,,,,,,,,,press button,press buttons,press button,1,1,press button,press buttons,press button,1,1,press one of four keys with their right hand,press buttons,press one of four keys with their right hand,1,1,,,,,,,,,,,,,,,,,,,,,,,,press button,press buttons,press button,1,1,press button,press buttons,press button,1,1,,,,,,press button,press buttons,press button,1,1,,press buttons,,1,1,,,,,,Press buttons,press buttons,Press buttons,1,1,,,,,,Press buttons,Press buttons,Press buttons,1,1,,rating of other condition,rating of other condition,2,1,,,,,,,,,,,,,,,,,,,,,,,,,,press button,,,,press button,,1,1,,,,,,,,,,
,,Number_of_trial_total,480,480,480,1,1,120,120,120,1,1,120,120,120,1,1,,,,,,,,,,,,,,,,,,,,,,412,412,2,1,,416,416,2,1,,,,,,,,,,,,,,,,,,,,,168,168,168,1,1,168,168,168,1,1,180,240,320,2,2,,,,,,,,,,,,,,,,,,,,,,,,224,224,224,1,1,384,384,384,1,1,,,,,,240,,240,1,2,384,384,384,1,1,,,,,,200,200,200,1,1,,,,,,90,90; 6 each block,90,1,1,,,,,,,,,,,,,,,,,,,,,,,,,,,,,,,600,,600,,600,,1,1,,,,,,,,,,
,Acquisition,System/equipment,Siemens Trio,Siemens Trio MR scanner,Siemens Trio,1,1,GE,GE scanner,GE,1,1,GE,GE scanner,GE,1,1,Siemens Trio,Siemens Trio scanner,Siemens Trio,1,1,Philips,Philips MRI scanner,Philips,1,1,Philips Achieva,Philips Achieva MRI scanner,Philips Achieva,1,1,Philips Intera,Philips Intera MR-scanner,Philips Intera,1,1,Siemens Avanto,Tesla Siemens Avanto scanner,Siemens Avanto,1,1,Trio,Trio ,Trio,1,1,"Siemens
 Magnetom Trio TIM",Siemens scanner,"Siemens
 Magnetom Trio TIM",1,1,Philips,Philips MRI scanner,Philips,1,1,Philips Achieva,Philips Achieva whole-body MRI scanner,Philips Achieva,1,1,Siemens Sonata,Siemens Sonata scanner,Siemens Sonata,1,1,GE Signa,Tesla GE Signa MR scanner.,GE Signa,1,1,GE Signa,Tesla GE Signa MR scanner.,GE Signa,1,1,Siemens Avanto,Siemens Avanto MRI scanner,Siemens Avanto,1,1,"Magnetom Allegra,head-only",Magnetom Allegra,"Magnetom Allegra,head-only",1,1,Varian INOVA,GE Sig LX Horizon Echospeed,Varian INOVA MR scanner,GE Sig LX Horizon Echospeed Scanner,Varian INOVA,,1,1,Siemens Allegra head-only,Siemens Allegra,Siemens Allegra head-only,1,1,GE,GE,GE,1,1,GE,GE,GE,1,1,Siemens Trio,Siemens Trio MR,Siemens Trio,1,1,Siemens TRIO,Siemens TRIO MRI scanner,Siemens TRIO,1,1,Siemens Magnetom Trio TIM,Siemens Magnetom Trio,Siemens Magnetom Trio TIM,1,1,Siemens Trio,Siemens Trio MR,Siemens Trio,1,1,Philips Achieva,Philips Achieva scanner,Philips Achieva,1,1,Siemens MAGNETOM Verio,Tesla MRI scanner,Siemens MAGNETOM Verio,1,1,Philips Intera,Tesla whole body scanner,Philips Intera,1,2,PET,PET scanner (General Electric),PET,1,1,Phillips,Phillips,Phillips,1,1,Siemens TRIO,Siemens TRIO MRI scanner,Siemens TRIO,1,1,Siemens,Siemens,Siemens,1,1,Siemens,Siemens,Siemens,1,1,GT HDx,GT HDx,GT HDx,1,1,Philips Ingenia 7FN8GDI,Philips Ingenia 7FN8GDI,Philips Ingenia 7FN8GDI,1,1,Siemens Skyra,Siemens Skyra,Siemens Skyra,Siemens Skyra,Siemens Skyra,Siemens Skyra,1,1,GE Discovery MR750,GE Discovery MR750,GE Discovery MR750,1,1,Philips Achieva,Philips Achieva,Philips Achieva,1,1
,,Magnetic field,3T,3T,3T,1,1,3T,3T,3T,1,1,3T,3T,3T,1,1,3T,3T,3T,1,1,3T,3T,3T,1,1,3T,3T,3T,1,1,3T,3T,3T,1,1,1.5T,1.5T,1.5T,1,1,3T,3T,3T,1,1,3T,3T,3T,1,1,3T,3T,3T,1,1,3T,3T,3T,1,1,1.5T,1.5T,1.5T,1,1,1.5T,3T,1.5T,1,1,1.5T,3T,1.5T,1,1,1.5T,1.5T,1.5T,1,1,3T,3T,3T,1,1,4T,3T,4T,3T,4T,GE Sig LX Horizon Echospeed Scanner,1,1,3T,3T,3T,1,1,3T,3T,3T,1,1,3T,3T,3T,1,1,3T,3T,3T,1,1,3T,3T,3T,1,1,3T,3T,3T,1,1,3T,3T,3T,1,1,3T,3T,3T,1,1,3T,3T,3T,1,1,3T,3T,3T,1,1,,3T,3T,2,1,3T,3T,3T,1,1,3T,3T,3T,1,1,1.5T,1.5T,1.5T,1,1,3T,3T,3T,1,1,3T,3T,3T,1,1,3T,3T,3T,1,1,3T,3T,,3T,3T,3T,1,1,3T,3T,3T,1,1,3T,3T,3T,1,1
,Data_preprocessing,Software,SPM2,SPM2,SPM2,1,1,SPM2,SPM2,SPM2,1,1,SPM2,SPM2,SPM2,1,1,SPM8,SPM8,SPM8,1,1,"SPM5,matlab 7.4","SPM5,matlab 7.5","SPM5,matlab 7.4",1,1,"SPM8,Matlab 2012","SPM8,Matlab 2013","SPM8,Matlab 2012",1,1,"SPM5,Matlab 7.1","SPM5,Matlab 7.2","SPM5,Matlab 7.1",1,1,SPM2,SPM2,SPM2,1,1,SPM2,SPM2,SPM2,1,1,SPM12,SPM12,SPM12,1,1,SPM8,SPM8,SPM8,1,1,SPM5,SPM5,SPM5,1,1,SPM 8,SPM8,SPM 8,1,1,SPM99,SPM99,SPM99,1,1,SPM99,SPM99,SPM99,1,1,SPM5,SPM5,SPM5,1,1,"MATLAB 2015b, SPM12",SPM12,"MATLAB 2015b, SPM12",1,1,SPM2,SPM2,SPM2,SPM2,SPM2,SPM2,1,1,SPM99,SPM99,SPM99,1,1,SPM99,SPM99,SPM99,1,1,SPM2,SPM2,SPM2,1,1,SPM2,SPM2,SPM2,1,1,"Brain Voyager QX v2.3,",Brain Voyager QX v2.3,"Brain Voyager QX v2.3,",1,1,SPM8,SPM8,SPM8,1,1,SPM2,SPM2,SPM2,1,1,FSL5.0,"FSL (FMRIB Software Library) software,",FSL5.0,1,1,"SPM 5,Matlab 7.3",SPM 5,"SPM 5,Matlab 7.3",1,1,"SPM 8,Matlab 7.13",SPM8,"SPM 8,Matlab 7.13",1,1,SPM 2,SPM 2,SPM 2,1,1,SPM5,SPM 5,SPM5,1,1,Brain Voyager QX v2.3,Brain Voyager QX v2.3,Brain Voyager QX v2.3,1,1,SPM8,SPM8,SPM8,1,1,SPM12,SPM12,SPM12,1,1,SPM8,SPM8,SPM8,1,1,SPM12,SPM12,SPM12,1,1,"FSL version 9.0,FEAT","FSL version 9.0,FEAT",SPM 17,"FSL version 9.0,FEAT","FSL version 9.0,FEAT","FSL version 9.0,FEAT",1,1,AFNI,AFNI,AFNI,1,1,SPM8,SPM8,SPM8,1,1
,,,,,,,,,,,,,,,,,,,,,,,,,,,,,,,,,,,,,,,,,,,,,,,,,,,,,,,,,,,,,,,,,,,,,,,,,,,,,,,,,,,,,,,,,,,,,,,,,,,,,,,,,,,,,,,,,,,,,,,,,,,,,,,,,,,,,,,,,,,,,,,,,,,,,,,,,,,,,,,,,,,,,,,,,,,,,,,,,,,,,,,,,,,,,,,,,,,,,,
,,,,,,,,,,,,,,,,,,,,,,,,,,,,,,,,,,,,,,,,,,,,,,,,,,,,,,,,,,,,,,,,,,,,,,,,,,,,,,,,,,,,,,,,,,,,,,,,,,,,,,,,,,,,,,,,,,,,,,,,,,,,,,,,,,,,,,,,,,,,,,,,,,,,,,,,,,,,,,,,,,,,,,,,,,,,,,,,,,,,,,,,,,,,,,,,,,,,,,
,,,,,,,,,,,,,,,,,,,,,,,,,,,,,,,,,1,,,,,,,,,,,,,,,,,,,,,,,,,,,,,,,,,,,,,,,,,,,,,,,,,,,,,,,,,,,,,,,,,,,,,,,,,,,,,,,,,,,,,,,,,,,,,,,,,,,,,,,,,,,,,,,,,,,,,,,,,,,,,,,,,,,,,,,,,,,,,,,,,,,,,,,,,,,,,,,,,,,,,
,,,,,,,,,,,,,,,,,,,,,,,,,,,,,,,,,1,,,,,,,,,,,,,,,,,,,,,,,,,,,,,,,,,,,,,,,,,,,,,,,,,,,,,,,,,,,,,,,,,,,,,,,,,,,,,,,,,,,,,,,,,,,,,,,,,,,,,,,,,,,,,,,,,,,,,,,,,,,,,,,,,,,,,,,,,,,,,,,,,,,,,,,,,,,,,,,,,,,,,